/workspace/snapshot2/stable_worldmodel/envs/__init__.py:215: UserWarning: ale-py not found; ALE/* envs are unavailable. Install with: pip install 'stable-worldmodel[env]' or pip install ale-py.
  from stable_worldmodel.envs import ale  # noqa: F401
[2026-07-12 08:15:14,068][OpenGL.platform.ctypesloader][INFO] - Failed to load library ( 'libOpenGL.so.0' ): libOpenGL.so.0: cannot open shared object file: No such file or directory
[2026-07-12 08:15:14,070][OpenGL.acceleratesupport][INFO] - No OpenGL_accelerate module loaded: No module named 'OpenGL_accelerate'
[2026-07-12 08:15:14,077][OpenGL.platform.ctypesloader][INFO] - Failed to load library ( 'libOpenGL.so.0' ): libOpenGL.so.0: cannot open shared object file: No such file or directory
[2026-07-12 08:15:14,114][absl][INFO] - MUJOCO_GL=egl, attempting to import specified OpenGL backend.
[2026-07-12 08:15:14,116][OpenGL.platform.ctypesloader][INFO] - Failed to load library ( 'libOpenGL.so.0' ): libOpenGL.so.0: cannot open shared object file: No such file or directory
[2026-07-12 08:15:14,164][absl][INFO] - MuJoCo library version is: 3.10.0
/usr/local/lib/python3.11/dist-packages/gymnasium/envs/registration.py:729: UserWarning: [33mWARN: The environment is being initialised with render_mode='rgb_array' that is not in the possible render_modes ([]).[0m
  logger.warn(
/usr/local/lib/python3.11/dist-packages/gymnasium/spaces/box.py:231: UserWarning: [33mWARN: Box low's precision lowered by casting to float32, current low.dtype=float64[0m
  gym.logger.warn(
/usr/local/lib/python3.11/dist-packages/gymnasium/spaces/box.py:297: UserWarning: [33mWARN: Box high's precision lowered by casting to float32, current high.dtype=float64[0m
  gym.logger.warn(
/usr/local/lib/python3.11/dist-packages/gymnasium/spaces/box.py:415: UserWarning: [33mWARN: Casting input x to numpy array.[0m
  gym.logger.warn("Casting input x to numpy array.")
08:15:38 | INFO  | atomic_chec~| [atomic_save] installed crash-safe checkpoint plugin (write to sibling .tmp + fsync + atomic rename)
[2026-07-12 08:15:40,470][root][INFO] - Cached 'action' from '/workspace/datasets/lewm_cube_full/cube_single_expert.h5'
08:15:42 | INFO  | utils.py    | Loading checkpoint from folder /workspace/ckpts/ogbench_cube_single_v2WM...
/workspace/snapshot2/stable_worldmodel/wm/utils.py:80: FutureWarning: You are using `torch.load` with `weights_only=False` (the current default value), which uses the default pickle module implicitly. It is possible to construct malicious pickle data which will execute arbitrary code during unpickling (See https://github.com/pytorch/pytorch/blob/main/SECURITY.md#untrusted-models for more details). In a future release, the default value for `weights_only` will be flipped to `True`. This limits the functions that could be executed during unpickling. Arbitrary objects will no longer be allowed to be loaded via this mode unless they are explicitly allowlisted by the user via `torch.serialization.add_safe_globals`. We recommend you start setting `weights_only=True` for any use case where you don't have full control of the loaded file. Please open an issue on GitHub for any issues related to this experimental feature.
  state_dict = torch.load(checkpoint_path, map_location='cpu')
08:15:42 | INFO  | utils.py    | Created ViT-tiny from scratch with config: {'hidden_size': 192, 'num_hidden_layers': 12, 'num_attention_heads': 3, 'intermediate_size': 768, 'image_size': 224, 'patch_size': 14}
/usr/local/lib/python3.11/dist-packages/gymnasium/spaces/box.py:415: UserWarning: [33mWARN: Casting input x to numpy array.[0m
  gym.logger.warn("Casting input x to numpy array.")
/usr/local/lib/python3.11/dist-packages/gymnasium/spaces/box.py:231: UserWarning: [33mWARN: Box low's precision lowered by casting to float32, current low.dtype=float64[0m
  gym.logger.warn(
/usr/local/lib/python3.11/dist-packages/gymnasium/spaces/box.py:297: UserWarning: [33mWARN: Box high's precision lowered by casting to float32, current high.dtype=float64[0m
  gym.logger.warn(
[eval] plan-score metric=/workspace/metrics/cf_dE_t01n150.pt mode=replacement
10000 valid starting points found for evaluation.
[ 128037  136278  171855  178488  184719  188337  256476  331650  365820
  403206  455868  555564  711942  743097  806814  866310  877968  889224
  895455  902289  903495 1002588 1027914 1053843 1093842 1112736 1268109
 1290822 1309314 1362177 1395543 1406799 1436748 1473129 1522374 1524183
 1547901 1564383 1566795 1574433 1649808 1661265 1682370 1717947 1722570
 1781664 1794528 1857642 1950102 1953318]
[eval] saving videos to /workspace/ckpts (one env_{i}.mp4 per env)
[metric-hook] pred (1, 300, 6, 192) goal (1, 1, 192)
/usr/local/lib/python3.11/dist-packages/gymnasium/spaces/box.py:231: UserWarning: [33mWARN: Box low's precision lowered by casting to float32, current low.dtype=float64[0m
  gym.logger.warn(
/usr/local/lib/python3.11/dist-packages/gymnasium/spaces/box.py:297: UserWarning: [33mWARN: Box high's precision lowered by casting to float32, current high.dtype=float64[0m
  gym.logger.warn(
/usr/local/lib/python3.11/dist-packages/gymnasium/spaces/box.py:231: UserWarning: [33mWARN: Box low's precision lowered by casting to float32, current low.dtype=float64[0m
  gym.logger.warn(
/usr/local/lib/python3.11/dist-packages/gymnasium/spaces/box.py:297: UserWarning: [33mWARN: Box high's precision lowered by casting to float32, current high.dtype=float64[0m
  gym.logger.warn(
/usr/local/lib/python3.11/dist-packages/gymnasium/spaces/box.py:231: UserWarning: [33mWARN: Box low's precision lowered by casting to float32, current low.dtype=float64[0m
  gym.logger.warn(
/usr/local/lib/python3.11/dist-packages/gymnasium/spaces/box.py:297: UserWarning: [33mWARN: Box high's precision lowered by casting to float32, current high.dtype=float64[0m
  gym.logger.warn(
/usr/local/lib/python3.11/dist-packages/gymnasium/spaces/box.py:231: UserWarning: [33mWARN: Box low's precision lowered by casting to float32, current low.dtype=float64[0m
  gym.logger.warn(
/usr/local/lib/python3.11/dist-packages/gymnasium/spaces/box.py:297: UserWarning: [33mWARN: Box high's precision lowered by casting to float32, current high.dtype=float64[0m
  gym.logger.warn(
/usr/local/lib/python3.11/dist-packages/gymnasium/spaces/box.py:231: UserWarning: [33mWARN: Box low's precision lowered by casting to float32, current low.dtype=float64[0m
  gym.logger.warn(
/usr/local/lib/python3.11/dist-packages/gymnasium/spaces/box.py:297: UserWarning: [33mWARN: Box high's precision lowered by casting to float32, current high.dtype=float64[0m
  gym.logger.warn(
/usr/local/lib/python3.11/dist-packages/gymnasium/spaces/box.py:231: UserWarning: [33mWARN: Box low's precision lowered by casting to float32, current low.dtype=float64[0m
  gym.logger.warn(
/usr/local/lib/python3.11/dist-packages/gymnasium/spaces/box.py:297: UserWarning: [33mWARN: Box high's precision lowered by casting to float32, current high.dtype=float64[0m
  gym.logger.warn(
/usr/local/lib/python3.11/dist-packages/gymnasium/spaces/box.py:231: UserWarning: [33mWARN: Box low's precision lowered by casting to float32, current low.dtype=float64[0m
  gym.logger.warn(
/usr/local/lib/python3.11/dist-packages/gymnasium/spaces/box.py:297: UserWarning: [33mWARN: Box high's precision lowered by casting to float32, current high.dtype=float64[0m
  gym.logger.warn(
/usr/local/lib/python3.11/dist-packages/gymnasium/spaces/box.py:231: UserWarning: [33mWARN: Box low's precision lowered by casting to float32, current low.dtype=float64[0m
  gym.logger.warn(
/usr/local/lib/python3.11/dist-packages/gymnasium/spaces/box.py:297: UserWarning: [33mWARN: Box high's precision lowered by casting to float32, current high.dtype=float64[0m
  gym.logger.warn(
/usr/local/lib/python3.11/dist-packages/gymnasium/spaces/box.py:231: UserWarning: [33mWARN: Box low's precision lowered by casting to float32, current low.dtype=float64[0m
  gym.logger.warn(
/usr/local/lib/python3.11/dist-packages/gymnasium/spaces/box.py:297: UserWarning: [33mWARN: Box high's precision lowered by casting to float32, current high.dtype=float64[0m
  gym.logger.warn(
/usr/local/lib/python3.11/dist-packages/gymnasium/spaces/box.py:231: UserWarning: [33mWARN: Box low's precision lowered by casting to float32, current low.dtype=float64[0m
  gym.logger.warn(
/usr/local/lib/python3.11/dist-packages/gymnasium/spaces/box.py:297: UserWarning: [33mWARN: Box high's precision lowered by casting to float32, current high.dtype=float64[0m
  gym.logger.warn(
/usr/local/lib/python3.11/dist-packages/gymnasium/spaces/box.py:231: UserWarning: [33mWARN: Box low's precision lowered by casting to float32, current low.dtype=float64[0m
  gym.logger.warn(
/usr/local/lib/python3.11/dist-packages/gymnasium/spaces/box.py:297: UserWarning: [33mWARN: Box high's precision lowered by casting to float32, current high.dtype=float64[0m
  gym.logger.warn(
/usr/local/lib/python3.11/dist-packages/gymnasium/spaces/box.py:231: UserWarning: [33mWARN: Box low's precision lowered by casting to float32, current low.dtype=float64[0m
  gym.logger.warn(
/usr/local/lib/python3.11/dist-packages/gymnasium/spaces/box.py:297: UserWarning: [33mWARN: Box high's precision lowered by casting to float32, current high.dtype=float64[0m
  gym.logger.warn(
/usr/local/lib/python3.11/dist-packages/gymnasium/spaces/box.py:231: UserWarning: [33mWARN: Box low's precision lowered by casting to float32, current low.dtype=float64[0m
  gym.logger.warn(
/usr/local/lib/python3.11/dist-packages/gymnasium/spaces/box.py:297: UserWarning: [33mWARN: Box high's precision lowered by casting to float32, current high.dtype=float64[0m
  gym.logger.warn(
/usr/local/lib/python3.11/dist-packages/gymnasium/spaces/box.py:231: UserWarning: [33mWARN: Box low's precision lowered by casting to float32, current low.dtype=float64[0m
  gym.logger.warn(
/usr/local/lib/python3.11/dist-packages/gymnasium/spaces/box.py:297: UserWarning: [33mWARN: Box high's precision lowered by casting to float32, current high.dtype=float64[0m
  gym.logger.warn(
/usr/local/lib/python3.11/dist-packages/gymnasium/spaces/box.py:231: UserWarning: [33mWARN: Box low's precision lowered by casting to float32, current low.dtype=float64[0m
  gym.logger.warn(
/usr/local/lib/python3.11/dist-packages/gymnasium/spaces/box.py:297: UserWarning: [33mWARN: Box high's precision lowered by casting to float32, current high.dtype=float64[0m
  gym.logger.warn(
/usr/local/lib/python3.11/dist-packages/gymnasium/spaces/box.py:231: UserWarning: [33mWARN: Box low's precision lowered by casting to float32, current low.dtype=float64[0m
  gym.logger.warn(
/usr/local/lib/python3.11/dist-packages/gymnasium/spaces/box.py:297: UserWarning: [33mWARN: Box high's precision lowered by casting to float32, current high.dtype=float64[0m
  gym.logger.warn(
/usr/local/lib/python3.11/dist-packages/gymnasium/spaces/box.py:231: UserWarning: [33mWARN: Box low's precision lowered by casting to float32, current low.dtype=float64[0m
  gym.logger.warn(
/usr/local/lib/python3.11/dist-packages/gymnasium/spaces/box.py:297: UserWarning: [33mWARN: Box high's precision lowered by casting to float32, current high.dtype=float64[0m
  gym.logger.warn(
/usr/local/lib/python3.11/dist-packages/gymnasium/spaces/box.py:231: UserWarning: [33mWARN: Box low's precision lowered by casting to float32, current low.dtype=float64[0m
  gym.logger.warn(
/usr/local/lib/python3.11/dist-packages/gymnasium/spaces/box.py:297: UserWarning: [33mWARN: Box high's precision lowered by casting to float32, current high.dtype=float64[0m
  gym.logger.warn(
/usr/local/lib/python3.11/dist-packages/gymnasium/spaces/box.py:231: UserWarning: [33mWARN: Box low's precision lowered by casting to float32, current low.dtype=float64[0m
  gym.logger.warn(
/usr/local/lib/python3.11/dist-packages/gymnasium/spaces/box.py:297: UserWarning: [33mWARN: Box high's precision lowered by casting to float32, current high.dtype=float64[0m
  gym.logger.warn(
/usr/local/lib/python3.11/dist-packages/gymnasium/spaces/box.py:231: UserWarning: [33mWARN: Box low's precision lowered by casting to float32, current low.dtype=float64[0m
  gym.logger.warn(
/usr/local/lib/python3.11/dist-packages/gymnasium/spaces/box.py:297: UserWarning: [33mWARN: Box high's precision lowered by casting to float32, current high.dtype=float64[0m
  gym.logger.warn(
/usr/local/lib/python3.11/dist-packages/gymnasium/spaces/box.py:231: UserWarning: [33mWARN: Box low's precision lowered by casting to float32, current low.dtype=float64[0m
  gym.logger.warn(
/usr/local/lib/python3.11/dist-packages/gymnasium/spaces/box.py:297: UserWarning: [33mWARN: Box high's precision lowered by casting to float32, current high.dtype=float64[0m
  gym.logger.warn(
/usr/local/lib/python3.11/dist-packages/gymnasium/spaces/box.py:231: UserWarning: [33mWARN: Box low's precision lowered by casting to float32, current low.dtype=float64[0m
  gym.logger.warn(
/usr/local/lib/python3.11/dist-packages/gymnasium/spaces/box.py:297: UserWarning: [33mWARN: Box high's precision lowered by casting to float32, current high.dtype=float64[0m
  gym.logger.warn(
/usr/local/lib/python3.11/dist-packages/gymnasium/spaces/box.py:231: UserWarning: [33mWARN: Box low's precision lowered by casting to float32, current low.dtype=float64[0m
  gym.logger.warn(
/usr/local/lib/python3.11/dist-packages/gymnasium/spaces/box.py:297: UserWarning: [33mWARN: Box high's precision lowered by casting to float32, current high.dtype=float64[0m
  gym.logger.warn(
/usr/local/lib/python3.11/dist-packages/gymnasium/spaces/box.py:231: UserWarning: [33mWARN: Box low's precision lowered by casting to float32, current low.dtype=float64[0m
  gym.logger.warn(
/usr/local/lib/python3.11/dist-packages/gymnasium/spaces/box.py:297: UserWarning: [33mWARN: Box high's precision lowered by casting to float32, current high.dtype=float64[0m
  gym.logger.warn(
/usr/local/lib/python3.11/dist-packages/gymnasium/spaces/box.py:231: UserWarning: [33mWARN: Box low's precision lowered by casting to float32, current low.dtype=float64[0m
  gym.logger.warn(
/usr/local/lib/python3.11/dist-packages/gymnasium/spaces/box.py:297: UserWarning: [33mWARN: Box high's precision lowered by casting to float32, current high.dtype=float64[0m
  gym.logger.warn(
/usr/local/lib/python3.11/dist-packages/gymnasium/spaces/box.py:231: UserWarning: [33mWARN: Box low's precision lowered by casting to float32, current low.dtype=float64[0m
  gym.logger.warn(
/usr/local/lib/python3.11/dist-packages/gymnasium/spaces/box.py:297: UserWarning: [33mWARN: Box high's precision lowered by casting to float32, current high.dtype=float64[0m
  gym.logger.warn(
/usr/local/lib/python3.11/dist-packages/gymnasium/spaces/box.py:231: UserWarning: [33mWARN: Box low's precision lowered by casting to float32, current low.dtype=float64[0m
  gym.logger.warn(
/usr/local/lib/python3.11/dist-packages/gymnasium/spaces/box.py:297: UserWarning: [33mWARN: Box high's precision lowered by casting to float32, current high.dtype=float64[0m
  gym.logger.warn(
/usr/local/lib/python3.11/dist-packages/gymnasium/spaces/box.py:231: UserWarning: [33mWARN: Box low's precision lowered by casting to float32, current low.dtype=float64[0m
  gym.logger.warn(
/usr/local/lib/python3.11/dist-packages/gymnasium/spaces/box.py:297: UserWarning: [33mWARN: Box high's precision lowered by casting to float32, current high.dtype=float64[0m
  gym.logger.warn(
/usr/local/lib/python3.11/dist-packages/gymnasium/spaces/box.py:231: UserWarning: [33mWARN: Box low's precision lowered by casting to float32, current low.dtype=float64[0m
  gym.logger.warn(
/usr/local/lib/python3.11/dist-packages/gymnasium/spaces/box.py:297: UserWarning: [33mWARN: Box high's precision lowered by casting to float32, current high.dtype=float64[0m
  gym.logger.warn(
/usr/local/lib/python3.11/dist-packages/gymnasium/spaces/box.py:231: UserWarning: [33mWARN: Box low's precision lowered by casting to float32, current low.dtype=float64[0m
  gym.logger.warn(
/usr/local/lib/python3.11/dist-packages/gymnasium/spaces/box.py:297: UserWarning: [33mWARN: Box high's precision lowered by casting to float32, current high.dtype=float64[0m
  gym.logger.warn(
/usr/local/lib/python3.11/dist-packages/gymnasium/spaces/box.py:231: UserWarning: [33mWARN: Box low's precision lowered by casting to float32, current low.dtype=float64[0m
  gym.logger.warn(
/usr/local/lib/python3.11/dist-packages/gymnasium/spaces/box.py:297: UserWarning: [33mWARN: Box high's precision lowered by casting to float32, current high.dtype=float64[0m
  gym.logger.warn(
/usr/local/lib/python3.11/dist-packages/gymnasium/spaces/box.py:231: UserWarning: [33mWARN: Box low's precision lowered by casting to float32, current low.dtype=float64[0m
  gym.logger.warn(
/usr/local/lib/python3.11/dist-packages/gymnasium/spaces/box.py:297: UserWarning: [33mWARN: Box high's precision lowered by casting to float32, current high.dtype=float64[0m
  gym.logger.warn(
/usr/local/lib/python3.11/dist-packages/gymnasium/spaces/box.py:231: UserWarning: [33mWARN: Box low's precision lowered by casting to float32, current low.dtype=float64[0m
  gym.logger.warn(
/usr/local/lib/python3.11/dist-packages/gymnasium/spaces/box.py:297: UserWarning: [33mWARN: Box high's precision lowered by casting to float32, current high.dtype=float64[0m
  gym.logger.warn(
/usr/local/lib/python3.11/dist-packages/gymnasium/spaces/box.py:231: UserWarning: [33mWARN: Box low's precision lowered by casting to float32, current low.dtype=float64[0m
  gym.logger.warn(
/usr/local/lib/python3.11/dist-packages/gymnasium/spaces/box.py:297: UserWarning: [33mWARN: Box high's precision lowered by casting to float32, current high.dtype=float64[0m
  gym.logger.warn(
/usr/local/lib/python3.11/dist-packages/gymnasium/spaces/box.py:231: UserWarning: [33mWARN: Box low's precision lowered by casting to float32, current low.dtype=float64[0m
  gym.logger.warn(
/usr/local/lib/python3.11/dist-packages/gymnasium/spaces/box.py:297: UserWarning: [33mWARN: Box high's precision lowered by casting to float32, current high.dtype=float64[0m
  gym.logger.warn(
/usr/local/lib/python3.11/dist-packages/gymnasium/spaces/box.py:231: UserWarning: [33mWARN: Box low's precision lowered by casting to float32, current low.dtype=float64[0m
  gym.logger.warn(
/usr/local/lib/python3.11/dist-packages/gymnasium/spaces/box.py:297: UserWarning: [33mWARN: Box high's precision lowered by casting to float32, current high.dtype=float64[0m
  gym.logger.warn(
/usr/local/lib/python3.11/dist-packages/gymnasium/spaces/box.py:231: UserWarning: [33mWARN: Box low's precision lowered by casting to float32, current low.dtype=float64[0m
  gym.logger.warn(
/usr/local/lib/python3.11/dist-packages/gymnasium/spaces/box.py:297: UserWarning: [33mWARN: Box high's precision lowered by casting to float32, current high.dtype=float64[0m
  gym.logger.warn(
/usr/local/lib/python3.11/dist-packages/gymnasium/spaces/box.py:231: UserWarning: [33mWARN: Box low's precision lowered by casting to float32, current low.dtype=float64[0m
  gym.logger.warn(
/usr/local/lib/python3.11/dist-packages/gymnasium/spaces/box.py:297: UserWarning: [33mWARN: Box high's precision lowered by casting to float32, current high.dtype=float64[0m
  gym.logger.warn(
/usr/local/lib/python3.11/dist-packages/gymnasium/spaces/box.py:231: UserWarning: [33mWARN: Box low's precision lowered by casting to float32, current low.dtype=float64[0m
  gym.logger.warn(
/usr/local/lib/python3.11/dist-packages/gymnasium/spaces/box.py:297: UserWarning: [33mWARN: Box high's precision lowered by casting to float32, current high.dtype=float64[0m
  gym.logger.warn(
/usr/local/lib/python3.11/dist-packages/gymnasium/spaces/box.py:231: UserWarning: [33mWARN: Box low's precision lowered by casting to float32, current low.dtype=float64[0m
  gym.logger.warn(
/usr/local/lib/python3.11/dist-packages/gymnasium/spaces/box.py:297: UserWarning: [33mWARN: Box high's precision lowered by casting to float32, current high.dtype=float64[0m
  gym.logger.warn(
/usr/local/lib/python3.11/dist-packages/gymnasium/spaces/box.py:231: UserWarning: [33mWARN: Box low's precision lowered by casting to float32, current low.dtype=float64[0m
  gym.logger.warn(
/usr/local/lib/python3.11/dist-packages/gymnasium/spaces/box.py:297: UserWarning: [33mWARN: Box high's precision lowered by casting to float32, current high.dtype=float64[0m
  gym.logger.warn(
/usr/local/lib/python3.11/dist-packages/gymnasium/spaces/box.py:231: UserWarning: [33mWARN: Box low's precision lowered by casting to float32, current low.dtype=float64[0m
  gym.logger.warn(
/usr/local/lib/python3.11/dist-packages/gymnasium/spaces/box.py:297: UserWarning: [33mWARN: Box high's precision lowered by casting to float32, current high.dtype=float64[0m
  gym.logger.warn(
/usr/local/lib/python3.11/dist-packages/gymnasium/spaces/box.py:231: UserWarning: [33mWARN: Box low's precision lowered by casting to float32, current low.dtype=float64[0m
  gym.logger.warn(
/usr/local/lib/python3.11/dist-packages/gymnasium/spaces/box.py:297: UserWarning: [33mWARN: Box high's precision lowered by casting to float32, current high.dtype=float64[0m
  gym.logger.warn(
/usr/local/lib/python3.11/dist-packages/gymnasium/spaces/box.py:231: UserWarning: [33mWARN: Box low's precision lowered by casting to float32, current low.dtype=float64[0m
  gym.logger.warn(
/usr/local/lib/python3.11/dist-packages/gymnasium/spaces/box.py:297: UserWarning: [33mWARN: Box high's precision lowered by casting to float32, current high.dtype=float64[0m
  gym.logger.warn(
/usr/local/lib/python3.11/dist-packages/gymnasium/spaces/box.py:231: UserWarning: [33mWARN: Box low's precision lowered by casting to float32, current low.dtype=float64[0m
  gym.logger.warn(
/usr/local/lib/python3.11/dist-packages/gymnasium/spaces/box.py:297: UserWarning: [33mWARN: Box high's precision lowered by casting to float32, current high.dtype=float64[0m
  gym.logger.warn(
/usr/local/lib/python3.11/dist-packages/gymnasium/spaces/box.py:231: UserWarning: [33mWARN: Box low's precision lowered by casting to float32, current low.dtype=float64[0m
  gym.logger.warn(
/usr/local/lib/python3.11/dist-packages/gymnasium/spaces/box.py:297: UserWarning: [33mWARN: Box high's precision lowered by casting to float32, current high.dtype=float64[0m
  gym.logger.warn(
/usr/local/lib/python3.11/dist-packages/gymnasium/spaces/box.py:231: UserWarning: [33mWARN: Box low's precision lowered by casting to float32, current low.dtype=float64[0m
  gym.logger.warn(
/usr/local/lib/python3.11/dist-packages/gymnasium/spaces/box.py:297: UserWarning: [33mWARN: Box high's precision lowered by casting to float32, current high.dtype=float64[0m
  gym.logger.warn(
/usr/local/lib/python3.11/dist-packages/gymnasium/spaces/box.py:231: UserWarning: [33mWARN: Box low's precision lowered by casting to float32, current low.dtype=float64[0m
  gym.logger.warn(
/usr/local/lib/python3.11/dist-packages/gymnasium/spaces/box.py:297: UserWarning: [33mWARN: Box high's precision lowered by casting to float32, current high.dtype=float64[0m
  gym.logger.warn(
/usr/local/lib/python3.11/dist-packages/gymnasium/spaces/box.py:231: UserWarning: [33mWARN: Box low's precision lowered by casting to float32, current low.dtype=float64[0m
  gym.logger.warn(
/usr/local/lib/python3.11/dist-packages/gymnasium/spaces/box.py:297: UserWarning: [33mWARN: Box high's precision lowered by casting to float32, current high.dtype=float64[0m
  gym.logger.warn(
/usr/local/lib/python3.11/dist-packages/gymnasium/spaces/box.py:231: UserWarning: [33mWARN: Box low's precision lowered by casting to float32, current low.dtype=float64[0m
  gym.logger.warn(
/usr/local/lib/python3.11/dist-packages/gymnasium/spaces/box.py:297: UserWarning: [33mWARN: Box high's precision lowered by casting to float32, current high.dtype=float64[0m
  gym.logger.warn(
/usr/local/lib/python3.11/dist-packages/gymnasium/spaces/box.py:231: UserWarning: [33mWARN: Box low's precision lowered by casting to float32, current low.dtype=float64[0m
  gym.logger.warn(
/usr/local/lib/python3.11/dist-packages/gymnasium/spaces/box.py:297: UserWarning: [33mWARN: Box high's precision lowered by casting to float32, current high.dtype=float64[0m
  gym.logger.warn(
/usr/local/lib/python3.11/dist-packages/gymnasium/spaces/box.py:231: UserWarning: [33mWARN: Box low's precision lowered by casting to float32, current low.dtype=float64[0m
  gym.logger.warn(
/usr/local/lib/python3.11/dist-packages/gymnasium/spaces/box.py:297: UserWarning: [33mWARN: Box high's precision lowered by casting to float32, current high.dtype=float64[0m
  gym.logger.warn(
/usr/local/lib/python3.11/dist-packages/gymnasium/spaces/box.py:231: UserWarning: [33mWARN: Box low's precision lowered by casting to float32, current low.dtype=float64[0m
  gym.logger.warn(
/usr/local/lib/python3.11/dist-packages/gymnasium/spaces/box.py:297: UserWarning: [33mWARN: Box high's precision lowered by casting to float32, current high.dtype=float64[0m
  gym.logger.warn(
/usr/local/lib/python3.11/dist-packages/gymnasium/spaces/box.py:231: UserWarning: [33mWARN: Box low's precision lowered by casting to float32, current low.dtype=float64[0m
  gym.logger.warn(
/usr/local/lib/python3.11/dist-packages/gymnasium/spaces/box.py:297: UserWarning: [33mWARN: Box high's precision lowered by casting to float32, current high.dtype=float64[0m
  gym.logger.warn(
/usr/local/lib/python3.11/dist-packages/gymnasium/spaces/box.py:231: UserWarning: [33mWARN: Box low's precision lowered by casting to float32, current low.dtype=float64[0m
  gym.logger.warn(
/usr/local/lib/python3.11/dist-packages/gymnasium/spaces/box.py:297: UserWarning: [33mWARN: Box high's precision lowered by casting to float32, current high.dtype=float64[0m
  gym.logger.warn(
/usr/local/lib/python3.11/dist-packages/gymnasium/spaces/box.py:231: UserWarning: [33mWARN: Box low's precision lowered by casting to float32, current low.dtype=float64[0m
  gym.logger.warn(
/usr/local/lib/python3.11/dist-packages/gymnasium/spaces/box.py:297: UserWarning: [33mWARN: Box high's precision lowered by casting to float32, current high.dtype=float64[0m
  gym.logger.warn(
/usr/local/lib/python3.11/dist-packages/gymnasium/spaces/box.py:231: UserWarning: [33mWARN: Box low's precision lowered by casting to float32, current low.dtype=float64[0m
  gym.logger.warn(
/usr/local/lib/python3.11/dist-packages/gymnasium/spaces/box.py:297: UserWarning: [33mWARN: Box high's precision lowered by casting to float32, current high.dtype=float64[0m
  gym.logger.warn(
/usr/local/lib/python3.11/dist-packages/gymnasium/spaces/box.py:231: UserWarning: [33mWARN: Box low's precision lowered by casting to float32, current low.dtype=float64[0m
  gym.logger.warn(
/usr/local/lib/python3.11/dist-packages/gymnasium/spaces/box.py:297: UserWarning: [33mWARN: Box high's precision lowered by casting to float32, current high.dtype=float64[0m
  gym.logger.warn(
/usr/local/lib/python3.11/dist-packages/gymnasium/spaces/box.py:231: UserWarning: [33mWARN: Box low's precision lowered by casting to float32, current low.dtype=float64[0m
  gym.logger.warn(
/usr/local/lib/python3.11/dist-packages/gymnasium/spaces/box.py:297: UserWarning: [33mWARN: Box high's precision lowered by casting to float32, current high.dtype=float64[0m
  gym.logger.warn(
/usr/local/lib/python3.11/dist-packages/gymnasium/spaces/box.py:231: UserWarning: [33mWARN: Box low's precision lowered by casting to float32, current low.dtype=float64[0m
  gym.logger.warn(
/usr/local/lib/python3.11/dist-packages/gymnasium/spaces/box.py:297: UserWarning: [33mWARN: Box high's precision lowered by casting to float32, current high.dtype=float64[0m
  gym.logger.warn(
/usr/local/lib/python3.11/dist-packages/gymnasium/spaces/box.py:231: UserWarning: [33mWARN: Box low's precision lowered by casting to float32, current low.dtype=float64[0m
  gym.logger.warn(
/usr/local/lib/python3.11/dist-packages/gymnasium/spaces/box.py:297: UserWarning: [33mWARN: Box high's precision lowered by casting to float32, current high.dtype=float64[0m
  gym.logger.warn(
/usr/local/lib/python3.11/dist-packages/gymnasium/spaces/box.py:231: UserWarning: [33mWARN: Box low's precision lowered by casting to float32, current low.dtype=float64[0m
  gym.logger.warn(
/usr/local/lib/python3.11/dist-packages/gymnasium/spaces/box.py:297: UserWarning: [33mWARN: Box high's precision lowered by casting to float32, current high.dtype=float64[0m
  gym.logger.warn(
/usr/local/lib/python3.11/dist-packages/gymnasium/spaces/box.py:231: UserWarning: [33mWARN: Box low's precision lowered by casting to float32, current low.dtype=float64[0m
  gym.logger.warn(
/usr/local/lib/python3.11/dist-packages/gymnasium/spaces/box.py:297: UserWarning: [33mWARN: Box high's precision lowered by casting to float32, current high.dtype=float64[0m
  gym.logger.warn(
/usr/local/lib/python3.11/dist-packages/gymnasium/spaces/box.py:231: UserWarning: [33mWARN: Box low's precision lowered by casting to float32, current low.dtype=float64[0m
  gym.logger.warn(
/usr/local/lib/python3.11/dist-packages/gymnasium/spaces/box.py:297: UserWarning: [33mWARN: Box high's precision lowered by casting to float32, current high.dtype=float64[0m
  gym.logger.warn(
/usr/local/lib/python3.11/dist-packages/gymnasium/spaces/box.py:231: UserWarning: [33mWARN: Box low's precision lowered by casting to float32, current low.dtype=float64[0m
  gym.logger.warn(
/usr/local/lib/python3.11/dist-packages/gymnasium/spaces/box.py:297: UserWarning: [33mWARN: Box high's precision lowered by casting to float32, current high.dtype=float64[0m
  gym.logger.warn(
/usr/local/lib/python3.11/dist-packages/gymnasium/spaces/box.py:231: UserWarning: [33mWARN: Box low's precision lowered by casting to float32, current low.dtype=float64[0m
  gym.logger.warn(
/usr/local/lib/python3.11/dist-packages/gymnasium/spaces/box.py:297: UserWarning: [33mWARN: Box high's precision lowered by casting to float32, current high.dtype=float64[0m
  gym.logger.warn(
/usr/local/lib/python3.11/dist-packages/gymnasium/spaces/box.py:231: UserWarning: [33mWARN: Box low's precision lowered by casting to float32, current low.dtype=float64[0m
  gym.logger.warn(
/usr/local/lib/python3.11/dist-packages/gymnasium/spaces/box.py:297: UserWarning: [33mWARN: Box high's precision lowered by casting to float32, current high.dtype=float64[0m
  gym.logger.warn(
/usr/local/lib/python3.11/dist-packages/gymnasium/spaces/box.py:231: UserWarning: [33mWARN: Box low's precision lowered by casting to float32, current low.dtype=float64[0m
  gym.logger.warn(
/usr/local/lib/python3.11/dist-packages/gymnasium/spaces/box.py:297: UserWarning: [33mWARN: Box high's precision lowered by casting to float32, current high.dtype=float64[0m
  gym.logger.warn(
/usr/local/lib/python3.11/dist-packages/gymnasium/spaces/box.py:231: UserWarning: [33mWARN: Box low's precision lowered by casting to float32, current low.dtype=float64[0m
  gym.logger.warn(
/usr/local/lib/python3.11/dist-packages/gymnasium/spaces/box.py:297: UserWarning: [33mWARN: Box high's precision lowered by casting to float32, current high.dtype=float64[0m
  gym.logger.warn(
/usr/local/lib/python3.11/dist-packages/gymnasium/spaces/box.py:231: UserWarning: [33mWARN: Box low's precision lowered by casting to float32, current low.dtype=float64[0m
  gym.logger.warn(
/usr/local/lib/python3.11/dist-packages/gymnasium/spaces/box.py:297: UserWarning: [33mWARN: Box high's precision lowered by casting to float32, current high.dtype=float64[0m
  gym.logger.warn(
/usr/local/lib/python3.11/dist-packages/gymnasium/spaces/box.py:231: UserWarning: [33mWARN: Box low's precision lowered by casting to float32, current low.dtype=float64[0m
  gym.logger.warn(
/usr/local/lib/python3.11/dist-packages/gymnasium/spaces/box.py:297: UserWarning: [33mWARN: Box high's precision lowered by casting to float32, current high.dtype=float64[0m
  gym.logger.warn(
/usr/local/lib/python3.11/dist-packages/gymnasium/spaces/box.py:231: UserWarning: [33mWARN: Box low's precision lowered by casting to float32, current low.dtype=float64[0m
  gym.logger.warn(
/usr/local/lib/python3.11/dist-packages/gymnasium/spaces/box.py:297: UserWarning: [33mWARN: Box high's precision lowered by casting to float32, current high.dtype=float64[0m
  gym.logger.warn(
/usr/local/lib/python3.11/dist-packages/gymnasium/spaces/box.py:231: UserWarning: [33mWARN: Box low's precision lowered by casting to float32, current low.dtype=float64[0m
  gym.logger.warn(
/usr/local/lib/python3.11/dist-packages/gymnasium/spaces/box.py:297: UserWarning: [33mWARN: Box high's precision lowered by casting to float32, current high.dtype=float64[0m
  gym.logger.warn(
/usr/local/lib/python3.11/dist-packages/gymnasium/spaces/box.py:231: UserWarning: [33mWARN: Box low's precision lowered by casting to float32, current low.dtype=float64[0m
  gym.logger.warn(
/usr/local/lib/python3.11/dist-packages/gymnasium/spaces/box.py:297: UserWarning: [33mWARN: Box high's precision lowered by casting to float32, current high.dtype=float64[0m
  gym.logger.warn(
/usr/local/lib/python3.11/dist-packages/gymnasium/spaces/box.py:231: UserWarning: [33mWARN: Box low's precision lowered by casting to float32, current low.dtype=float64[0m
  gym.logger.warn(
/usr/local/lib/python3.11/dist-packages/gymnasium/spaces/box.py:297: UserWarning: [33mWARN: Box high's precision lowered by casting to float32, current high.dtype=float64[0m
  gym.logger.warn(
/usr/local/lib/python3.11/dist-packages/gymnasium/spaces/box.py:231: UserWarning: [33mWARN: Box low's precision lowered by casting to float32, current low.dtype=float64[0m
  gym.logger.warn(
/usr/local/lib/python3.11/dist-packages/gymnasium/spaces/box.py:297: UserWarning: [33mWARN: Box high's precision lowered by casting to float32, current high.dtype=float64[0m
  gym.logger.warn(
/usr/local/lib/python3.11/dist-packages/gymnasium/spaces/box.py:231: UserWarning: [33mWARN: Box low's precision lowered by casting to float32, current low.dtype=float64[0m
  gym.logger.warn(
/usr/local/lib/python3.11/dist-packages/gymnasium/spaces/box.py:297: UserWarning: [33mWARN: Box high's precision lowered by casting to float32, current high.dtype=float64[0m
  gym.logger.warn(
/usr/local/lib/python3.11/dist-packages/gymnasium/spaces/box.py:231: UserWarning: [33mWARN: Box low's precision lowered by casting to float32, current low.dtype=float64[0m
  gym.logger.warn(
/usr/local/lib/python3.11/dist-packages/gymnasium/spaces/box.py:297: UserWarning: [33mWARN: Box high's precision lowered by casting to float32, current high.dtype=float64[0m
  gym.logger.warn(
/usr/local/lib/python3.11/dist-packages/gymnasium/spaces/box.py:231: UserWarning: [33mWARN: Box low's precision lowered by casting to float32, current low.dtype=float64[0m
  gym.logger.warn(
/usr/local/lib/python3.11/dist-packages/gymnasium/spaces/box.py:297: UserWarning: [33mWARN: Box high's precision lowered by casting to float32, current high.dtype=float64[0m
  gym.logger.warn(
/usr/local/lib/python3.11/dist-packages/gymnasium/spaces/box.py:231: UserWarning: [33mWARN: Box low's precision lowered by casting to float32, current low.dtype=float64[0m
  gym.logger.warn(
/usr/local/lib/python3.11/dist-packages/gymnasium/spaces/box.py:297: UserWarning: [33mWARN: Box high's precision lowered by casting to float32, current high.dtype=float64[0m
  gym.logger.warn(
/usr/local/lib/python3.11/dist-packages/gymnasium/spaces/box.py:231: UserWarning: [33mWARN: Box low's precision lowered by casting to float32, current low.dtype=float64[0m
  gym.logger.warn(
/usr/local/lib/python3.11/dist-packages/gymnasium/spaces/box.py:297: UserWarning: [33mWARN: Box high's precision lowered by casting to float32, current high.dtype=float64[0m
  gym.logger.warn(
/usr/local/lib/python3.11/dist-packages/gymnasium/spaces/box.py:231: UserWarning: [33mWARN: Box low's precision lowered by casting to float32, current low.dtype=float64[0m
  gym.logger.warn(
/usr/local/lib/python3.11/dist-packages/gymnasium/spaces/box.py:297: UserWarning: [33mWARN: Box high's precision lowered by casting to float32, current high.dtype=float64[0m
  gym.logger.warn(
/usr/local/lib/python3.11/dist-packages/gymnasium/spaces/box.py:231: UserWarning: [33mWARN: Box low's precision lowered by casting to float32, current low.dtype=float64[0m
  gym.logger.warn(
/usr/local/lib/python3.11/dist-packages/gymnasium/spaces/box.py:297: UserWarning: [33mWARN: Box high's precision lowered by casting to float32, current high.dtype=float64[0m
  gym.logger.warn(
/usr/local/lib/python3.11/dist-packages/gymnasium/spaces/box.py:231: UserWarning: [33mWARN: Box low's precision lowered by casting to float32, current low.dtype=float64[0m
  gym.logger.warn(
/usr/local/lib/python3.11/dist-packages/gymnasium/spaces/box.py:297: UserWarning: [33mWARN: Box high's precision lowered by casting to float32, current high.dtype=float64[0m
  gym.logger.warn(
/usr/local/lib/python3.11/dist-packages/gymnasium/spaces/box.py:231: UserWarning: [33mWARN: Box low's precision lowered by casting to float32, current low.dtype=float64[0m
  gym.logger.warn(
/usr/local/lib/python3.11/dist-packages/gymnasium/spaces/box.py:297: UserWarning: [33mWARN: Box high's precision lowered by casting to float32, current high.dtype=float64[0m
  gym.logger.warn(
/usr/local/lib/python3.11/dist-packages/gymnasium/spaces/box.py:231: UserWarning: [33mWARN: Box low's precision lowered by casting to float32, current low.dtype=float64[0m
  gym.logger.warn(
/usr/local/lib/python3.11/dist-packages/gymnasium/spaces/box.py:297: UserWarning: [33mWARN: Box high's precision lowered by casting to float32, current high.dtype=float64[0m
  gym.logger.warn(
/usr/local/lib/python3.11/dist-packages/gymnasium/spaces/box.py:231: UserWarning: [33mWARN: Box low's precision lowered by casting to float32, current low.dtype=float64[0m
  gym.logger.warn(
/usr/local/lib/python3.11/dist-packages/gymnasium/spaces/box.py:297: UserWarning: [33mWARN: Box high's precision lowered by casting to float32, current high.dtype=float64[0m
  gym.logger.warn(
/usr/local/lib/python3.11/dist-packages/gymnasium/spaces/box.py:231: UserWarning: [33mWARN: Box low's precision lowered by casting to float32, current low.dtype=float64[0m
  gym.logger.warn(
/usr/local/lib/python3.11/dist-packages/gymnasium/spaces/box.py:297: UserWarning: [33mWARN: Box high's precision lowered by casting to float32, current high.dtype=float64[0m
  gym.logger.warn(
/usr/local/lib/python3.11/dist-packages/gymnasium/spaces/box.py:231: UserWarning: [33mWARN: Box low's precision lowered by casting to float32, current low.dtype=float64[0m
  gym.logger.warn(
/usr/local/lib/python3.11/dist-packages/gymnasium/spaces/box.py:297: UserWarning: [33mWARN: Box high's precision lowered by casting to float32, current high.dtype=float64[0m
  gym.logger.warn(
/usr/local/lib/python3.11/dist-packages/gymnasium/spaces/box.py:231: UserWarning: [33mWARN: Box low's precision lowered by casting to float32, current low.dtype=float64[0m
  gym.logger.warn(
/usr/local/lib/python3.11/dist-packages/gymnasium/spaces/box.py:297: UserWarning: [33mWARN: Box high's precision lowered by casting to float32, current high.dtype=float64[0m
  gym.logger.warn(
/usr/local/lib/python3.11/dist-packages/gymnasium/spaces/box.py:231: UserWarning: [33mWARN: Box low's precision lowered by casting to float32, current low.dtype=float64[0m
  gym.logger.warn(
/usr/local/lib/python3.11/dist-packages/gymnasium/spaces/box.py:297: UserWarning: [33mWARN: Box high's precision lowered by casting to float32, current high.dtype=float64[0m
  gym.logger.warn(
/usr/local/lib/python3.11/dist-packages/gymnasium/spaces/box.py:231: UserWarning: [33mWARN: Box low's precision lowered by casting to float32, current low.dtype=float64[0m
  gym.logger.warn(
/usr/local/lib/python3.11/dist-packages/gymnasium/spaces/box.py:297: UserWarning: [33mWARN: Box high's precision lowered by casting to float32, current high.dtype=float64[0m
  gym.logger.warn(
/usr/local/lib/python3.11/dist-packages/gymnasium/spaces/box.py:231: UserWarning: [33mWARN: Box low's precision lowered by casting to float32, current low.dtype=float64[0m
  gym.logger.warn(
/usr/local/lib/python3.11/dist-packages/gymnasium/spaces/box.py:297: UserWarning: [33mWARN: Box high's precision lowered by casting to float32, current high.dtype=float64[0m
  gym.logger.warn(
/usr/local/lib/python3.11/dist-packages/gymnasium/spaces/box.py:231: UserWarning: [33mWARN: Box low's precision lowered by casting to float32, current low.dtype=float64[0m
  gym.logger.warn(
/usr/local/lib/python3.11/dist-packages/gymnasium/spaces/box.py:297: UserWarning: [33mWARN: Box high's precision lowered by casting to float32, current high.dtype=float64[0m
  gym.logger.warn(
/usr/local/lib/python3.11/dist-packages/gymnasium/spaces/box.py:231: UserWarning: [33mWARN: Box low's precision lowered by casting to float32, current low.dtype=float64[0m
  gym.logger.warn(
/usr/local/lib/python3.11/dist-packages/gymnasium/spaces/box.py:297: UserWarning: [33mWARN: Box high's precision lowered by casting to float32, current high.dtype=float64[0m
  gym.logger.warn(
/usr/local/lib/python3.11/dist-packages/gymnasium/spaces/box.py:231: UserWarning: [33mWARN: Box low's precision lowered by casting to float32, current low.dtype=float64[0m
  gym.logger.warn(
/usr/local/lib/python3.11/dist-packages/gymnasium/spaces/box.py:297: UserWarning: [33mWARN: Box high's precision lowered by casting to float32, current high.dtype=float64[0m
  gym.logger.warn(
/usr/local/lib/python3.11/dist-packages/gymnasium/spaces/box.py:231: UserWarning: [33mWARN: Box low's precision lowered by casting to float32, current low.dtype=float64[0m
  gym.logger.warn(
/usr/local/lib/python3.11/dist-packages/gymnasium/spaces/box.py:297: UserWarning: [33mWARN: Box high's precision lowered by casting to float32, current high.dtype=float64[0m
  gym.logger.warn(
/usr/local/lib/python3.11/dist-packages/gymnasium/spaces/box.py:231: UserWarning: [33mWARN: Box low's precision lowered by casting to float32, current low.dtype=float64[0m
  gym.logger.warn(
/usr/local/lib/python3.11/dist-packages/gymnasium/spaces/box.py:297: UserWarning: [33mWARN: Box high's precision lowered by casting to float32, current high.dtype=float64[0m
  gym.logger.warn(
/usr/local/lib/python3.11/dist-packages/gymnasium/spaces/box.py:231: UserWarning: [33mWARN: Box low's precision lowered by casting to float32, current low.dtype=float64[0m
  gym.logger.warn(
/usr/local/lib/python3.11/dist-packages/gymnasium/spaces/box.py:297: UserWarning: [33mWARN: Box high's precision lowered by casting to float32, current high.dtype=float64[0m
  gym.logger.warn(
/usr/local/lib/python3.11/dist-packages/gymnasium/spaces/box.py:231: UserWarning: [33mWARN: Box low's precision lowered by casting to float32, current low.dtype=float64[0m
  gym.logger.warn(
/usr/local/lib/python3.11/dist-packages/gymnasium/spaces/box.py:297: UserWarning: [33mWARN: Box high's precision lowered by casting to float32, current high.dtype=float64[0m
  gym.logger.warn(
/usr/local/lib/python3.11/dist-packages/gymnasium/spaces/box.py:231: UserWarning: [33mWARN: Box low's precision lowered by casting to float32, current low.dtype=float64[0m
  gym.logger.warn(
/usr/local/lib/python3.11/dist-packages/gymnasium/spaces/box.py:297: UserWarning: [33mWARN: Box high's precision lowered by casting to float32, current high.dtype=float64[0m
  gym.logger.warn(
/usr/local/lib/python3.11/dist-packages/gymnasium/spaces/box.py:231: UserWarning: [33mWARN: Box low's precision lowered by casting to float32, current low.dtype=float64[0m
  gym.logger.warn(
/usr/local/lib/python3.11/dist-packages/gymnasium/spaces/box.py:297: UserWarning: [33mWARN: Box high's precision lowered by casting to float32, current high.dtype=float64[0m
  gym.logger.warn(
/usr/local/lib/python3.11/dist-packages/gymnasium/spaces/box.py:231: UserWarning: [33mWARN: Box low's precision lowered by casting to float32, current low.dtype=float64[0m
  gym.logger.warn(
/usr/local/lib/python3.11/dist-packages/gymnasium/spaces/box.py:297: UserWarning: [33mWARN: Box high's precision lowered by casting to float32, current high.dtype=float64[0m
  gym.logger.warn(
/usr/local/lib/python3.11/dist-packages/gymnasium/spaces/box.py:231: UserWarning: [33mWARN: Box low's precision lowered by casting to float32, current low.dtype=float64[0m
  gym.logger.warn(
/usr/local/lib/python3.11/dist-packages/gymnasium/spaces/box.py:297: UserWarning: [33mWARN: Box high's precision lowered by casting to float32, current high.dtype=float64[0m
  gym.logger.warn(
/usr/local/lib/python3.11/dist-packages/gymnasium/spaces/box.py:231: UserWarning: [33mWARN: Box low's precision lowered by casting to float32, current low.dtype=float64[0m
  gym.logger.warn(
/usr/local/lib/python3.11/dist-packages/gymnasium/spaces/box.py:297: UserWarning: [33mWARN: Box high's precision lowered by casting to float32, current high.dtype=float64[0m
  gym.logger.warn(
/usr/local/lib/python3.11/dist-packages/gymnasium/spaces/box.py:231: UserWarning: [33mWARN: Box low's precision lowered by casting to float32, current low.dtype=float64[0m
  gym.logger.warn(
/usr/local/lib/python3.11/dist-packages/gymnasium/spaces/box.py:297: UserWarning: [33mWARN: Box high's precision lowered by casting to float32, current high.dtype=float64[0m
  gym.logger.warn(
/usr/local/lib/python3.11/dist-packages/gymnasium/spaces/box.py:231: UserWarning: [33mWARN: Box low's precision lowered by casting to float32, current low.dtype=float64[0m
  gym.logger.warn(
/usr/local/lib/python3.11/dist-packages/gymnasium/spaces/box.py:297: UserWarning: [33mWARN: Box high's precision lowered by casting to float32, current high.dtype=float64[0m
  gym.logger.warn(
/usr/local/lib/python3.11/dist-packages/gymnasium/spaces/box.py:231: UserWarning: [33mWARN: Box low's precision lowered by casting to float32, current low.dtype=float64[0m
  gym.logger.warn(
/usr/local/lib/python3.11/dist-packages/gymnasium/spaces/box.py:297: UserWarning: [33mWARN: Box high's precision lowered by casting to float32, current high.dtype=float64[0m
  gym.logger.warn(
/usr/local/lib/python3.11/dist-packages/gymnasium/spaces/box.py:231: UserWarning: [33mWARN: Box low's precision lowered by casting to float32, current low.dtype=float64[0m
  gym.logger.warn(
/usr/local/lib/python3.11/dist-packages/gymnasium/spaces/box.py:297: UserWarning: [33mWARN: Box high's precision lowered by casting to float32, current high.dtype=float64[0m
  gym.logger.warn(
/usr/local/lib/python3.11/dist-packages/gymnasium/spaces/box.py:231: UserWarning: [33mWARN: Box low's precision lowered by casting to float32, current low.dtype=float64[0m
  gym.logger.warn(
/usr/local/lib/python3.11/dist-packages/gymnasium/spaces/box.py:297: UserWarning: [33mWARN: Box high's precision lowered by casting to float32, current high.dtype=float64[0m
  gym.logger.warn(
/usr/local/lib/python3.11/dist-packages/gymnasium/spaces/box.py:231: UserWarning: [33mWARN: Box low's precision lowered by casting to float32, current low.dtype=float64[0m
  gym.logger.warn(
/usr/local/lib/python3.11/dist-packages/gymnasium/spaces/box.py:297: UserWarning: [33mWARN: Box high's precision lowered by casting to float32, current high.dtype=float64[0m
  gym.logger.warn(
/usr/local/lib/python3.11/dist-packages/gymnasium/spaces/box.py:231: UserWarning: [33mWARN: Box low's precision lowered by casting to float32, current low.dtype=float64[0m
  gym.logger.warn(
/usr/local/lib/python3.11/dist-packages/gymnasium/spaces/box.py:297: UserWarning: [33mWARN: Box high's precision lowered by casting to float32, current high.dtype=float64[0m
  gym.logger.warn(
/usr/local/lib/python3.11/dist-packages/gymnasium/spaces/box.py:231: UserWarning: [33mWARN: Box low's precision lowered by casting to float32, current low.dtype=float64[0m
  gym.logger.warn(
/usr/local/lib/python3.11/dist-packages/gymnasium/spaces/box.py:297: UserWarning: [33mWARN: Box high's precision lowered by casting to float32, current high.dtype=float64[0m
  gym.logger.warn(
/usr/local/lib/python3.11/dist-packages/gymnasium/spaces/box.py:231: UserWarning: [33mWARN: Box low's precision lowered by casting to float32, current low.dtype=float64[0m
  gym.logger.warn(
/usr/local/lib/python3.11/dist-packages/gymnasium/spaces/box.py:297: UserWarning: [33mWARN: Box high's precision lowered by casting to float32, current high.dtype=float64[0m
  gym.logger.warn(
/usr/local/lib/python3.11/dist-packages/gymnasium/spaces/box.py:231: UserWarning: [33mWARN: Box low's precision lowered by casting to float32, current low.dtype=float64[0m
  gym.logger.warn(
/usr/local/lib/python3.11/dist-packages/gymnasium/spaces/box.py:297: UserWarning: [33mWARN: Box high's precision lowered by casting to float32, current high.dtype=float64[0m
  gym.logger.warn(
/usr/local/lib/python3.11/dist-packages/gymnasium/spaces/box.py:231: UserWarning: [33mWARN: Box low's precision lowered by casting to float32, current low.dtype=float64[0m
  gym.logger.warn(
/usr/local/lib/python3.11/dist-packages/gymnasium/spaces/box.py:297: UserWarning: [33mWARN: Box high's precision lowered by casting to float32, current high.dtype=float64[0m
  gym.logger.warn(
/usr/local/lib/python3.11/dist-packages/gymnasium/spaces/box.py:231: UserWarning: [33mWARN: Box low's precision lowered by casting to float32, current low.dtype=float64[0m
  gym.logger.warn(
/usr/local/lib/python3.11/dist-packages/gymnasium/spaces/box.py:297: UserWarning: [33mWARN: Box high's precision lowered by casting to float32, current high.dtype=float64[0m
  gym.logger.warn(
/usr/local/lib/python3.11/dist-packages/gymnasium/spaces/box.py:231: UserWarning: [33mWARN: Box low's precision lowered by casting to float32, current low.dtype=float64[0m
  gym.logger.warn(
/usr/local/lib/python3.11/dist-packages/gymnasium/spaces/box.py:297: UserWarning: [33mWARN: Box high's precision lowered by casting to float32, current high.dtype=float64[0m
  gym.logger.warn(
/usr/local/lib/python3.11/dist-packages/gymnasium/spaces/box.py:231: UserWarning: [33mWARN: Box low's precision lowered by casting to float32, current low.dtype=float64[0m
  gym.logger.warn(
/usr/local/lib/python3.11/dist-packages/gymnasium/spaces/box.py:297: UserWarning: [33mWARN: Box high's precision lowered by casting to float32, current high.dtype=float64[0m
  gym.logger.warn(
/usr/local/lib/python3.11/dist-packages/gymnasium/spaces/box.py:231: UserWarning: [33mWARN: Box low's precision lowered by casting to float32, current low.dtype=float64[0m
  gym.logger.warn(
/usr/local/lib/python3.11/dist-packages/gymnasium/spaces/box.py:297: UserWarning: [33mWARN: Box high's precision lowered by casting to float32, current high.dtype=float64[0m
  gym.logger.warn(
/usr/local/lib/python3.11/dist-packages/gymnasium/spaces/box.py:231: UserWarning: [33mWARN: Box low's precision lowered by casting to float32, current low.dtype=float64[0m
  gym.logger.warn(
/usr/local/lib/python3.11/dist-packages/gymnasium/spaces/box.py:297: UserWarning: [33mWARN: Box high's precision lowered by casting to float32, current high.dtype=float64[0m
  gym.logger.warn(
/usr/local/lib/python3.11/dist-packages/gymnasium/spaces/box.py:231: UserWarning: [33mWARN: Box low's precision lowered by casting to float32, current low.dtype=float64[0m
  gym.logger.warn(
/usr/local/lib/python3.11/dist-packages/gymnasium/spaces/box.py:297: UserWarning: [33mWARN: Box high's precision lowered by casting to float32, current high.dtype=float64[0m
  gym.logger.warn(
/usr/local/lib/python3.11/dist-packages/gymnasium/spaces/box.py:231: UserWarning: [33mWARN: Box low's precision lowered by casting to float32, current low.dtype=float64[0m
  gym.logger.warn(
/usr/local/lib/python3.11/dist-packages/gymnasium/spaces/box.py:297: UserWarning: [33mWARN: Box high's precision lowered by casting to float32, current high.dtype=float64[0m
  gym.logger.warn(
/usr/local/lib/python3.11/dist-packages/gymnasium/spaces/box.py:231: UserWarning: [33mWARN: Box low's precision lowered by casting to float32, current low.dtype=float64[0m
  gym.logger.warn(
/usr/local/lib/python3.11/dist-packages/gymnasium/spaces/box.py:297: UserWarning: [33mWARN: Box high's precision lowered by casting to float32, current high.dtype=float64[0m
  gym.logger.warn(
/usr/local/lib/python3.11/dist-packages/gymnasium/spaces/box.py:231: UserWarning: [33mWARN: Box low's precision lowered by casting to float32, current low.dtype=float64[0m
  gym.logger.warn(
/usr/local/lib/python3.11/dist-packages/gymnasium/spaces/box.py:297: UserWarning: [33mWARN: Box high's precision lowered by casting to float32, current high.dtype=float64[0m
  gym.logger.warn(
/usr/local/lib/python3.11/dist-packages/gymnasium/spaces/box.py:231: UserWarning: [33mWARN: Box low's precision lowered by casting to float32, current low.dtype=float64[0m
  gym.logger.warn(
/usr/local/lib/python3.11/dist-packages/gymnasium/spaces/box.py:297: UserWarning: [33mWARN: Box high's precision lowered by casting to float32, current high.dtype=float64[0m
  gym.logger.warn(
/usr/local/lib/python3.11/dist-packages/gymnasium/spaces/box.py:231: UserWarning: [33mWARN: Box low's precision lowered by casting to float32, current low.dtype=float64[0m
  gym.logger.warn(
/usr/local/lib/python3.11/dist-packages/gymnasium/spaces/box.py:297: UserWarning: [33mWARN: Box high's precision lowered by casting to float32, current high.dtype=float64[0m
  gym.logger.warn(
/usr/local/lib/python3.11/dist-packages/gymnasium/spaces/box.py:231: UserWarning: [33mWARN: Box low's precision lowered by casting to float32, current low.dtype=float64[0m
  gym.logger.warn(
/usr/local/lib/python3.11/dist-packages/gymnasium/spaces/box.py:297: UserWarning: [33mWARN: Box high's precision lowered by casting to float32, current high.dtype=float64[0m
  gym.logger.warn(
/usr/local/lib/python3.11/dist-packages/gymnasium/spaces/box.py:231: UserWarning: [33mWARN: Box low's precision lowered by casting to float32, current low.dtype=float64[0m
  gym.logger.warn(
/usr/local/lib/python3.11/dist-packages/gymnasium/spaces/box.py:297: UserWarning: [33mWARN: Box high's precision lowered by casting to float32, current high.dtype=float64[0m
  gym.logger.warn(
/usr/local/lib/python3.11/dist-packages/gymnasium/spaces/box.py:231: UserWarning: [33mWARN: Box low's precision lowered by casting to float32, current low.dtype=float64[0m
  gym.logger.warn(
/usr/local/lib/python3.11/dist-packages/gymnasium/spaces/box.py:297: UserWarning: [33mWARN: Box high's precision lowered by casting to float32, current high.dtype=float64[0m
  gym.logger.warn(
/usr/local/lib/python3.11/dist-packages/gymnasium/spaces/box.py:231: UserWarning: [33mWARN: Box low's precision lowered by casting to float32, current low.dtype=float64[0m
  gym.logger.warn(
/usr/local/lib/python3.11/dist-packages/gymnasium/spaces/box.py:297: UserWarning: [33mWARN: Box high's precision lowered by casting to float32, current high.dtype=float64[0m
  gym.logger.warn(
/usr/local/lib/python3.11/dist-packages/gymnasium/spaces/box.py:231: UserWarning: [33mWARN: Box low's precision lowered by casting to float32, current low.dtype=float64[0m
  gym.logger.warn(
/usr/local/lib/python3.11/dist-packages/gymnasium/spaces/box.py:297: UserWarning: [33mWARN: Box high's precision lowered by casting to float32, current high.dtype=float64[0m
  gym.logger.warn(
/usr/local/lib/python3.11/dist-packages/gymnasium/spaces/box.py:231: UserWarning: [33mWARN: Box low's precision lowered by casting to float32, current low.dtype=float64[0m
  gym.logger.warn(
/usr/local/lib/python3.11/dist-packages/gymnasium/spaces/box.py:297: UserWarning: [33mWARN: Box high's precision lowered by casting to float32, current high.dtype=float64[0m
  gym.logger.warn(
/usr/local/lib/python3.11/dist-packages/gymnasium/spaces/box.py:231: UserWarning: [33mWARN: Box low's precision lowered by casting to float32, current low.dtype=float64[0m
  gym.logger.warn(
/usr/local/lib/python3.11/dist-packages/gymnasium/spaces/box.py:297: UserWarning: [33mWARN: Box high's precision lowered by casting to float32, current high.dtype=float64[0m
  gym.logger.warn(
/usr/local/lib/python3.11/dist-packages/gymnasium/spaces/box.py:231: UserWarning: [33mWARN: Box low's precision lowered by casting to float32, current low.dtype=float64[0m
  gym.logger.warn(
/usr/local/lib/python3.11/dist-packages/gymnasium/spaces/box.py:297: UserWarning: [33mWARN: Box high's precision lowered by casting to float32, current high.dtype=float64[0m
  gym.logger.warn(
/usr/local/lib/python3.11/dist-packages/gymnasium/spaces/box.py:231: UserWarning: [33mWARN: Box low's precision lowered by casting to float32, current low.dtype=float64[0m
  gym.logger.warn(
/usr/local/lib/python3.11/dist-packages/gymnasium/spaces/box.py:297: UserWarning: [33mWARN: Box high's precision lowered by casting to float32, current high.dtype=float64[0m
  gym.logger.warn(
/usr/local/lib/python3.11/dist-packages/gymnasium/spaces/box.py:231: UserWarning: [33mWARN: Box low's precision lowered by casting to float32, current low.dtype=float64[0m
  gym.logger.warn(
/usr/local/lib/python3.11/dist-packages/gymnasium/spaces/box.py:297: UserWarning: [33mWARN: Box high's precision lowered by casting to float32, current high.dtype=float64[0m
  gym.logger.warn(
/usr/local/lib/python3.11/dist-packages/gymnasium/spaces/box.py:231: UserWarning: [33mWARN: Box low's precision lowered by casting to float32, current low.dtype=float64[0m
  gym.logger.warn(
/usr/local/lib/python3.11/dist-packages/gymnasium/spaces/box.py:297: UserWarning: [33mWARN: Box high's precision lowered by casting to float32, current high.dtype=float64[0m
  gym.logger.warn(
/usr/local/lib/python3.11/dist-packages/gymnasium/spaces/box.py:231: UserWarning: [33mWARN: Box low's precision lowered by casting to float32, current low.dtype=float64[0m
  gym.logger.warn(
/usr/local/lib/python3.11/dist-packages/gymnasium/spaces/box.py:297: UserWarning: [33mWARN: Box high's precision lowered by casting to float32, current high.dtype=float64[0m
  gym.logger.warn(
/usr/local/lib/python3.11/dist-packages/gymnasium/spaces/box.py:231: UserWarning: [33mWARN: Box low's precision lowered by casting to float32, current low.dtype=float64[0m
  gym.logger.warn(
/usr/local/lib/python3.11/dist-packages/gymnasium/spaces/box.py:297: UserWarning: [33mWARN: Box high's precision lowered by casting to float32, current high.dtype=float64[0m
  gym.logger.warn(
/usr/local/lib/python3.11/dist-packages/gymnasium/spaces/box.py:231: UserWarning: [33mWARN: Box low's precision lowered by casting to float32, current low.dtype=float64[0m
  gym.logger.warn(
/usr/local/lib/python3.11/dist-packages/gymnasium/spaces/box.py:297: UserWarning: [33mWARN: Box high's precision lowered by casting to float32, current high.dtype=float64[0m
  gym.logger.warn(
/usr/local/lib/python3.11/dist-packages/gymnasium/spaces/box.py:231: UserWarning: [33mWARN: Box low's precision lowered by casting to float32, current low.dtype=float64[0m
  gym.logger.warn(
/usr/local/lib/python3.11/dist-packages/gymnasium/spaces/box.py:297: UserWarning: [33mWARN: Box high's precision lowered by casting to float32, current high.dtype=float64[0m
  gym.logger.warn(
/usr/local/lib/python3.11/dist-packages/gymnasium/spaces/box.py:231: UserWarning: [33mWARN: Box low's precision lowered by casting to float32, current low.dtype=float64[0m
  gym.logger.warn(
/usr/local/lib/python3.11/dist-packages/gymnasium/spaces/box.py:297: UserWarning: [33mWARN: Box high's precision lowered by casting to float32, current high.dtype=float64[0m
  gym.logger.warn(
/usr/local/lib/python3.11/dist-packages/gymnasium/spaces/box.py:231: UserWarning: [33mWARN: Box low's precision lowered by casting to float32, current low.dtype=float64[0m
  gym.logger.warn(
/usr/local/lib/python3.11/dist-packages/gymnasium/spaces/box.py:297: UserWarning: [33mWARN: Box high's precision lowered by casting to float32, current high.dtype=float64[0m
  gym.logger.warn(
/usr/local/lib/python3.11/dist-packages/gymnasium/spaces/box.py:231: UserWarning: [33mWARN: Box low's precision lowered by casting to float32, current low.dtype=float64[0m
  gym.logger.warn(
/usr/local/lib/python3.11/dist-packages/gymnasium/spaces/box.py:297: UserWarning: [33mWARN: Box high's precision lowered by casting to float32, current high.dtype=float64[0m
  gym.logger.warn(
/usr/local/lib/python3.11/dist-packages/gymnasium/spaces/box.py:231: UserWarning: [33mWARN: Box low's precision lowered by casting to float32, current low.dtype=float64[0m
  gym.logger.warn(
/usr/local/lib/python3.11/dist-packages/gymnasium/spaces/box.py:297: UserWarning: [33mWARN: Box high's precision lowered by casting to float32, current high.dtype=float64[0m
  gym.logger.warn(
/usr/local/lib/python3.11/dist-packages/gymnasium/spaces/box.py:231: UserWarning: [33mWARN: Box low's precision lowered by casting to float32, current low.dtype=float64[0m
  gym.logger.warn(
/usr/local/lib/python3.11/dist-packages/gymnasium/spaces/box.py:297: UserWarning: [33mWARN: Box high's precision lowered by casting to float32, current high.dtype=float64[0m
  gym.logger.warn(
/usr/local/lib/python3.11/dist-packages/gymnasium/spaces/box.py:231: UserWarning: [33mWARN: Box low's precision lowered by casting to float32, current low.dtype=float64[0m
  gym.logger.warn(
/usr/local/lib/python3.11/dist-packages/gymnasium/spaces/box.py:297: UserWarning: [33mWARN: Box high's precision lowered by casting to float32, current high.dtype=float64[0m
  gym.logger.warn(
/usr/local/lib/python3.11/dist-packages/gymnasium/spaces/box.py:231: UserWarning: [33mWARN: Box low's precision lowered by casting to float32, current low.dtype=float64[0m
  gym.logger.warn(
/usr/local/lib/python3.11/dist-packages/gymnasium/spaces/box.py:297: UserWarning: [33mWARN: Box high's precision lowered by casting to float32, current high.dtype=float64[0m
  gym.logger.warn(
/usr/local/lib/python3.11/dist-packages/gymnasium/spaces/box.py:231: UserWarning: [33mWARN: Box low's precision lowered by casting to float32, current low.dtype=float64[0m
  gym.logger.warn(
/usr/local/lib/python3.11/dist-packages/gymnasium/spaces/box.py:297: UserWarning: [33mWARN: Box high's precision lowered by casting to float32, current high.dtype=float64[0m
  gym.logger.warn(
/usr/local/lib/python3.11/dist-packages/gymnasium/spaces/box.py:231: UserWarning: [33mWARN: Box low's precision lowered by casting to float32, current low.dtype=float64[0m
  gym.logger.warn(
/usr/local/lib/python3.11/dist-packages/gymnasium/spaces/box.py:297: UserWarning: [33mWARN: Box high's precision lowered by casting to float32, current high.dtype=float64[0m
  gym.logger.warn(
/usr/local/lib/python3.11/dist-packages/gymnasium/spaces/box.py:231: UserWarning: [33mWARN: Box low's precision lowered by casting to float32, current low.dtype=float64[0m
  gym.logger.warn(
/usr/local/lib/python3.11/dist-packages/gymnasium/spaces/box.py:297: UserWarning: [33mWARN: Box high's precision lowered by casting to float32, current high.dtype=float64[0m
  gym.logger.warn(
/usr/local/lib/python3.11/dist-packages/gymnasium/spaces/box.py:231: UserWarning: [33mWARN: Box low's precision lowered by casting to float32, current low.dtype=float64[0m
  gym.logger.warn(
/usr/local/lib/python3.11/dist-packages/gymnasium/spaces/box.py:297: UserWarning: [33mWARN: Box high's precision lowered by casting to float32, current high.dtype=float64[0m
  gym.logger.warn(
/usr/local/lib/python3.11/dist-packages/gymnasium/spaces/box.py:231: UserWarning: [33mWARN: Box low's precision lowered by casting to float32, current low.dtype=float64[0m
  gym.logger.warn(
/usr/local/lib/python3.11/dist-packages/gymnasium/spaces/box.py:297: UserWarning: [33mWARN: Box high's precision lowered by casting to float32, current high.dtype=float64[0m
  gym.logger.warn(
/usr/local/lib/python3.11/dist-packages/gymnasium/spaces/box.py:231: UserWarning: [33mWARN: Box low's precision lowered by casting to float32, current low.dtype=float64[0m
  gym.logger.warn(
/usr/local/lib/python3.11/dist-packages/gymnasium/spaces/box.py:297: UserWarning: [33mWARN: Box high's precision lowered by casting to float32, current high.dtype=float64[0m
  gym.logger.warn(
/usr/local/lib/python3.11/dist-packages/gymnasium/spaces/box.py:231: UserWarning: [33mWARN: Box low's precision lowered by casting to float32, current low.dtype=float64[0m
  gym.logger.warn(
/usr/local/lib/python3.11/dist-packages/gymnasium/spaces/box.py:297: UserWarning: [33mWARN: Box high's precision lowered by casting to float32, current high.dtype=float64[0m
  gym.logger.warn(
/usr/local/lib/python3.11/dist-packages/gymnasium/spaces/box.py:231: UserWarning: [33mWARN: Box low's precision lowered by casting to float32, current low.dtype=float64[0m
  gym.logger.warn(
/usr/local/lib/python3.11/dist-packages/gymnasium/spaces/box.py:297: UserWarning: [33mWARN: Box high's precision lowered by casting to float32, current high.dtype=float64[0m
  gym.logger.warn(
/usr/local/lib/python3.11/dist-packages/gymnasium/spaces/box.py:231: UserWarning: [33mWARN: Box low's precision lowered by casting to float32, current low.dtype=float64[0m
  gym.logger.warn(
/usr/local/lib/python3.11/dist-packages/gymnasium/spaces/box.py:297: UserWarning: [33mWARN: Box high's precision lowered by casting to float32, current high.dtype=float64[0m
  gym.logger.warn(
/usr/local/lib/python3.11/dist-packages/gymnasium/spaces/box.py:231: UserWarning: [33mWARN: Box low's precision lowered by casting to float32, current low.dtype=float64[0m
  gym.logger.warn(
/usr/local/lib/python3.11/dist-packages/gymnasium/spaces/box.py:297: UserWarning: [33mWARN: Box high's precision lowered by casting to float32, current high.dtype=float64[0m
  gym.logger.warn(
/usr/local/lib/python3.11/dist-packages/gymnasium/spaces/box.py:231: UserWarning: [33mWARN: Box low's precision lowered by casting to float32, current low.dtype=float64[0m
  gym.logger.warn(
/usr/local/lib/python3.11/dist-packages/gymnasium/spaces/box.py:297: UserWarning: [33mWARN: Box high's precision lowered by casting to float32, current high.dtype=float64[0m
  gym.logger.warn(
/usr/local/lib/python3.11/dist-packages/gymnasium/spaces/box.py:231: UserWarning: [33mWARN: Box low's precision lowered by casting to float32, current low.dtype=float64[0m
  gym.logger.warn(
/usr/local/lib/python3.11/dist-packages/gymnasium/spaces/box.py:297: UserWarning: [33mWARN: Box high's precision lowered by casting to float32, current high.dtype=float64[0m
  gym.logger.warn(
/usr/local/lib/python3.11/dist-packages/gymnasium/spaces/box.py:231: UserWarning: [33mWARN: Box low's precision lowered by casting to float32, current low.dtype=float64[0m
  gym.logger.warn(
/usr/local/lib/python3.11/dist-packages/gymnasium/spaces/box.py:297: UserWarning: [33mWARN: Box high's precision lowered by casting to float32, current high.dtype=float64[0m
  gym.logger.warn(
/usr/local/lib/python3.11/dist-packages/gymnasium/spaces/box.py:231: UserWarning: [33mWARN: Box low's precision lowered by casting to float32, current low.dtype=float64[0m
  gym.logger.warn(
/usr/local/lib/python3.11/dist-packages/gymnasium/spaces/box.py:297: UserWarning: [33mWARN: Box high's precision lowered by casting to float32, current high.dtype=float64[0m
  gym.logger.warn(
/usr/local/lib/python3.11/dist-packages/gymnasium/spaces/box.py:231: UserWarning: [33mWARN: Box low's precision lowered by casting to float32, current low.dtype=float64[0m
  gym.logger.warn(
/usr/local/lib/python3.11/dist-packages/gymnasium/spaces/box.py:297: UserWarning: [33mWARN: Box high's precision lowered by casting to float32, current high.dtype=float64[0m
  gym.logger.warn(
/usr/local/lib/python3.11/dist-packages/gymnasium/spaces/box.py:231: UserWarning: [33mWARN: Box low's precision lowered by casting to float32, current low.dtype=float64[0m
  gym.logger.warn(
/usr/local/lib/python3.11/dist-packages/gymnasium/spaces/box.py:297: UserWarning: [33mWARN: Box high's precision lowered by casting to float32, current high.dtype=float64[0m
  gym.logger.warn(
/usr/local/lib/python3.11/dist-packages/gymnasium/spaces/box.py:231: UserWarning: [33mWARN: Box low's precision lowered by casting to float32, current low.dtype=float64[0m
  gym.logger.warn(
/usr/local/lib/python3.11/dist-packages/gymnasium/spaces/box.py:297: UserWarning: [33mWARN: Box high's precision lowered by casting to float32, current high.dtype=float64[0m
  gym.logger.warn(
/usr/local/lib/python3.11/dist-packages/gymnasium/spaces/box.py:231: UserWarning: [33mWARN: Box low's precision lowered by casting to float32, current low.dtype=float64[0m
  gym.logger.warn(
/usr/local/lib/python3.11/dist-packages/gymnasium/spaces/box.py:297: UserWarning: [33mWARN: Box high's precision lowered by casting to float32, current high.dtype=float64[0m
  gym.logger.warn(
/usr/local/lib/python3.11/dist-packages/gymnasium/spaces/box.py:231: UserWarning: [33mWARN: Box low's precision lowered by casting to float32, current low.dtype=float64[0m
  gym.logger.warn(
/usr/local/lib/python3.11/dist-packages/gymnasium/spaces/box.py:297: UserWarning: [33mWARN: Box high's precision lowered by casting to float32, current high.dtype=float64[0m
  gym.logger.warn(
/usr/local/lib/python3.11/dist-packages/gymnasium/spaces/box.py:231: UserWarning: [33mWARN: Box low's precision lowered by casting to float32, current low.dtype=float64[0m
  gym.logger.warn(
/usr/local/lib/python3.11/dist-packages/gymnasium/spaces/box.py:297: UserWarning: [33mWARN: Box high's precision lowered by casting to float32, current high.dtype=float64[0m
  gym.logger.warn(
/usr/local/lib/python3.11/dist-packages/gymnasium/spaces/box.py:231: UserWarning: [33mWARN: Box low's precision lowered by casting to float32, current low.dtype=float64[0m
  gym.logger.warn(
/usr/local/lib/python3.11/dist-packages/gymnasium/spaces/box.py:297: UserWarning: [33mWARN: Box high's precision lowered by casting to float32, current high.dtype=float64[0m
  gym.logger.warn(
/usr/local/lib/python3.11/dist-packages/gymnasium/spaces/box.py:231: UserWarning: [33mWARN: Box low's precision lowered by casting to float32, current low.dtype=float64[0m
  gym.logger.warn(
/usr/local/lib/python3.11/dist-packages/gymnasium/spaces/box.py:297: UserWarning: [33mWARN: Box high's precision lowered by casting to float32, current high.dtype=float64[0m
  gym.logger.warn(
/usr/local/lib/python3.11/dist-packages/gymnasium/spaces/box.py:231: UserWarning: [33mWARN: Box low's precision lowered by casting to float32, current low.dtype=float64[0m
  gym.logger.warn(
/usr/local/lib/python3.11/dist-packages/gymnasium/spaces/box.py:297: UserWarning: [33mWARN: Box high's precision lowered by casting to float32, current high.dtype=float64[0m
  gym.logger.warn(
/usr/local/lib/python3.11/dist-packages/gymnasium/spaces/box.py:231: UserWarning: [33mWARN: Box low's precision lowered by casting to float32, current low.dtype=float64[0m
  gym.logger.warn(
/usr/local/lib/python3.11/dist-packages/gymnasium/spaces/box.py:297: UserWarning: [33mWARN: Box high's precision lowered by casting to float32, current high.dtype=float64[0m
  gym.logger.warn(
/usr/local/lib/python3.11/dist-packages/gymnasium/spaces/box.py:231: UserWarning: [33mWARN: Box low's precision lowered by casting to float32, current low.dtype=float64[0m
  gym.logger.warn(
/usr/local/lib/python3.11/dist-packages/gymnasium/spaces/box.py:297: UserWarning: [33mWARN: Box high's precision lowered by casting to float32, current high.dtype=float64[0m
  gym.logger.warn(
/usr/local/lib/python3.11/dist-packages/gymnasium/spaces/box.py:231: UserWarning: [33mWARN: Box low's precision lowered by casting to float32, current low.dtype=float64[0m
  gym.logger.warn(
/usr/local/lib/python3.11/dist-packages/gymnasium/spaces/box.py:297: UserWarning: [33mWARN: Box high's precision lowered by casting to float32, current high.dtype=float64[0m
  gym.logger.warn(
/usr/local/lib/python3.11/dist-packages/gymnasium/spaces/box.py:231: UserWarning: [33mWARN: Box low's precision lowered by casting to float32, current low.dtype=float64[0m
  gym.logger.warn(
/usr/local/lib/python3.11/dist-packages/gymnasium/spaces/box.py:297: UserWarning: [33mWARN: Box high's precision lowered by casting to float32, current high.dtype=float64[0m
  gym.logger.warn(
/usr/local/lib/python3.11/dist-packages/gymnasium/spaces/box.py:231: UserWarning: [33mWARN: Box low's precision lowered by casting to float32, current low.dtype=float64[0m
  gym.logger.warn(
/usr/local/lib/python3.11/dist-packages/gymnasium/spaces/box.py:297: UserWarning: [33mWARN: Box high's precision lowered by casting to float32, current high.dtype=float64[0m
  gym.logger.warn(
/usr/local/lib/python3.11/dist-packages/gymnasium/spaces/box.py:231: UserWarning: [33mWARN: Box low's precision lowered by casting to float32, current low.dtype=float64[0m
  gym.logger.warn(
/usr/local/lib/python3.11/dist-packages/gymnasium/spaces/box.py:297: UserWarning: [33mWARN: Box high's precision lowered by casting to float32, current high.dtype=float64[0m
  gym.logger.warn(
/usr/local/lib/python3.11/dist-packages/gymnasium/spaces/box.py:231: UserWarning: [33mWARN: Box low's precision lowered by casting to float32, current low.dtype=float64[0m
  gym.logger.warn(
/usr/local/lib/python3.11/dist-packages/gymnasium/spaces/box.py:297: UserWarning: [33mWARN: Box high's precision lowered by casting to float32, current high.dtype=float64[0m
  gym.logger.warn(
/usr/local/lib/python3.11/dist-packages/gymnasium/spaces/box.py:231: UserWarning: [33mWARN: Box low's precision lowered by casting to float32, current low.dtype=float64[0m
  gym.logger.warn(
/usr/local/lib/python3.11/dist-packages/gymnasium/spaces/box.py:297: UserWarning: [33mWARN: Box high's precision lowered by casting to float32, current high.dtype=float64[0m
  gym.logger.warn(
/usr/local/lib/python3.11/dist-packages/gymnasium/spaces/box.py:231: UserWarning: [33mWARN: Box low's precision lowered by casting to float32, current low.dtype=float64[0m
  gym.logger.warn(
/usr/local/lib/python3.11/dist-packages/gymnasium/spaces/box.py:297: UserWarning: [33mWARN: Box high's precision lowered by casting to float32, current high.dtype=float64[0m
  gym.logger.warn(
/usr/local/lib/python3.11/dist-packages/gymnasium/spaces/box.py:231: UserWarning: [33mWARN: Box low's precision lowered by casting to float32, current low.dtype=float64[0m
  gym.logger.warn(
/usr/local/lib/python3.11/dist-packages/gymnasium/spaces/box.py:297: UserWarning: [33mWARN: Box high's precision lowered by casting to float32, current high.dtype=float64[0m
  gym.logger.warn(
/usr/local/lib/python3.11/dist-packages/gymnasium/spaces/box.py:231: UserWarning: [33mWARN: Box low's precision lowered by casting to float32, current low.dtype=float64[0m
  gym.logger.warn(
/usr/local/lib/python3.11/dist-packages/gymnasium/spaces/box.py:297: UserWarning: [33mWARN: Box high's precision lowered by casting to float32, current high.dtype=float64[0m
  gym.logger.warn(
/usr/local/lib/python3.11/dist-packages/gymnasium/spaces/box.py:231: UserWarning: [33mWARN: Box low's precision lowered by casting to float32, current low.dtype=float64[0m
  gym.logger.warn(
/usr/local/lib/python3.11/dist-packages/gymnasium/spaces/box.py:297: UserWarning: [33mWARN: Box high's precision lowered by casting to float32, current high.dtype=float64[0m
  gym.logger.warn(
/usr/local/lib/python3.11/dist-packages/gymnasium/spaces/box.py:231: UserWarning: [33mWARN: Box low's precision lowered by casting to float32, current low.dtype=float64[0m
  gym.logger.warn(
/usr/local/lib/python3.11/dist-packages/gymnasium/spaces/box.py:297: UserWarning: [33mWARN: Box high's precision lowered by casting to float32, current high.dtype=float64[0m
  gym.logger.warn(
/usr/local/lib/python3.11/dist-packages/gymnasium/spaces/box.py:231: UserWarning: [33mWARN: Box low's precision lowered by casting to float32, current low.dtype=float64[0m
  gym.logger.warn(
/usr/local/lib/python3.11/dist-packages/gymnasium/spaces/box.py:297: UserWarning: [33mWARN: Box high's precision lowered by casting to float32, current high.dtype=float64[0m
  gym.logger.warn(
/usr/local/lib/python3.11/dist-packages/gymnasium/spaces/box.py:231: UserWarning: [33mWARN: Box low's precision lowered by casting to float32, current low.dtype=float64[0m
  gym.logger.warn(
/usr/local/lib/python3.11/dist-packages/gymnasium/spaces/box.py:297: UserWarning: [33mWARN: Box high's precision lowered by casting to float32, current high.dtype=float64[0m
  gym.logger.warn(
/usr/local/lib/python3.11/dist-packages/gymnasium/spaces/box.py:231: UserWarning: [33mWARN: Box low's precision lowered by casting to float32, current low.dtype=float64[0m
  gym.logger.warn(
/usr/local/lib/python3.11/dist-packages/gymnasium/spaces/box.py:297: UserWarning: [33mWARN: Box high's precision lowered by casting to float32, current high.dtype=float64[0m
  gym.logger.warn(
/usr/local/lib/python3.11/dist-packages/gymnasium/spaces/box.py:231: UserWarning: [33mWARN: Box low's precision lowered by casting to float32, current low.dtype=float64[0m
  gym.logger.warn(
/usr/local/lib/python3.11/dist-packages/gymnasium/spaces/box.py:297: UserWarning: [33mWARN: Box high's precision lowered by casting to float32, current high.dtype=float64[0m
  gym.logger.warn(
/usr/local/lib/python3.11/dist-packages/gymnasium/spaces/box.py:231: UserWarning: [33mWARN: Box low's precision lowered by casting to float32, current low.dtype=float64[0m
  gym.logger.warn(
/usr/local/lib/python3.11/dist-packages/gymnasium/spaces/box.py:297: UserWarning: [33mWARN: Box high's precision lowered by casting to float32, current high.dtype=float64[0m
  gym.logger.warn(
/usr/local/lib/python3.11/dist-packages/gymnasium/spaces/box.py:231: UserWarning: [33mWARN: Box low's precision lowered by casting to float32, current low.dtype=float64[0m
  gym.logger.warn(
/usr/local/lib/python3.11/dist-packages/gymnasium/spaces/box.py:297: UserWarning: [33mWARN: Box high's precision lowered by casting to float32, current high.dtype=float64[0m
  gym.logger.warn(
/usr/local/lib/python3.11/dist-packages/gymnasium/spaces/box.py:231: UserWarning: [33mWARN: Box low's precision lowered by casting to float32, current low.dtype=float64[0m
  gym.logger.warn(
/usr/local/lib/python3.11/dist-packages/gymnasium/spaces/box.py:297: UserWarning: [33mWARN: Box high's precision lowered by casting to float32, current high.dtype=float64[0m
  gym.logger.warn(
/usr/local/lib/python3.11/dist-packages/gymnasium/spaces/box.py:231: UserWarning: [33mWARN: Box low's precision lowered by casting to float32, current low.dtype=float64[0m
  gym.logger.warn(
/usr/local/lib/python3.11/dist-packages/gymnasium/spaces/box.py:297: UserWarning: [33mWARN: Box high's precision lowered by casting to float32, current high.dtype=float64[0m
  gym.logger.warn(
/usr/local/lib/python3.11/dist-packages/gymnasium/spaces/box.py:231: UserWarning: [33mWARN: Box low's precision lowered by casting to float32, current low.dtype=float64[0m
  gym.logger.warn(
/usr/local/lib/python3.11/dist-packages/gymnasium/spaces/box.py:297: UserWarning: [33mWARN: Box high's precision lowered by casting to float32, current high.dtype=float64[0m
  gym.logger.warn(
/usr/local/lib/python3.11/dist-packages/gymnasium/spaces/box.py:231: UserWarning: [33mWARN: Box low's precision lowered by casting to float32, current low.dtype=float64[0m
  gym.logger.warn(
/usr/local/lib/python3.11/dist-packages/gymnasium/spaces/box.py:297: UserWarning: [33mWARN: Box high's precision lowered by casting to float32, current high.dtype=float64[0m
  gym.logger.warn(
/usr/local/lib/python3.11/dist-packages/gymnasium/spaces/box.py:231: UserWarning: [33mWARN: Box low's precision lowered by casting to float32, current low.dtype=float64[0m
  gym.logger.warn(
/usr/local/lib/python3.11/dist-packages/gymnasium/spaces/box.py:297: UserWarning: [33mWARN: Box high's precision lowered by casting to float32, current high.dtype=float64[0m
  gym.logger.warn(
/usr/local/lib/python3.11/dist-packages/gymnasium/spaces/box.py:231: UserWarning: [33mWARN: Box low's precision lowered by casting to float32, current low.dtype=float64[0m
  gym.logger.warn(
/usr/local/lib/python3.11/dist-packages/gymnasium/spaces/box.py:297: UserWarning: [33mWARN: Box high's precision lowered by casting to float32, current high.dtype=float64[0m
  gym.logger.warn(
/usr/local/lib/python3.11/dist-packages/gymnasium/spaces/box.py:231: UserWarning: [33mWARN: Box low's precision lowered by casting to float32, current low.dtype=float64[0m
  gym.logger.warn(
/usr/local/lib/python3.11/dist-packages/gymnasium/spaces/box.py:297: UserWarning: [33mWARN: Box high's precision lowered by casting to float32, current high.dtype=float64[0m
  gym.logger.warn(
/usr/local/lib/python3.11/dist-packages/gymnasium/spaces/box.py:231: UserWarning: [33mWARN: Box low's precision lowered by casting to float32, current low.dtype=float64[0m
  gym.logger.warn(
/usr/local/lib/python3.11/dist-packages/gymnasium/spaces/box.py:297: UserWarning: [33mWARN: Box high's precision lowered by casting to float32, current high.dtype=float64[0m
  gym.logger.warn(
/usr/local/lib/python3.11/dist-packages/gymnasium/spaces/box.py:231: UserWarning: [33mWARN: Box low's precision lowered by casting to float32, current low.dtype=float64[0m
  gym.logger.warn(
/usr/local/lib/python3.11/dist-packages/gymnasium/spaces/box.py:297: UserWarning: [33mWARN: Box high's precision lowered by casting to float32, current high.dtype=float64[0m
  gym.logger.warn(
/usr/local/lib/python3.11/dist-packages/gymnasium/spaces/box.py:231: UserWarning: [33mWARN: Box low's precision lowered by casting to float32, current low.dtype=float64[0m
  gym.logger.warn(
/usr/local/lib/python3.11/dist-packages/gymnasium/spaces/box.py:297: UserWarning: [33mWARN: Box high's precision lowered by casting to float32, current high.dtype=float64[0m
  gym.logger.warn(
/usr/local/lib/python3.11/dist-packages/gymnasium/spaces/box.py:231: UserWarning: [33mWARN: Box low's precision lowered by casting to float32, current low.dtype=float64[0m
  gym.logger.warn(
/usr/local/lib/python3.11/dist-packages/gymnasium/spaces/box.py:297: UserWarning: [33mWARN: Box high's precision lowered by casting to float32, current high.dtype=float64[0m
  gym.logger.warn(
/usr/local/lib/python3.11/dist-packages/gymnasium/spaces/box.py:231: UserWarning: [33mWARN: Box low's precision lowered by casting to float32, current low.dtype=float64[0m
  gym.logger.warn(
/usr/local/lib/python3.11/dist-packages/gymnasium/spaces/box.py:297: UserWarning: [33mWARN: Box high's precision lowered by casting to float32, current high.dtype=float64[0m
  gym.logger.warn(
/usr/local/lib/python3.11/dist-packages/gymnasium/spaces/box.py:231: UserWarning: [33mWARN: Box low's precision lowered by casting to float32, current low.dtype=float64[0m
  gym.logger.warn(
/usr/local/lib/python3.11/dist-packages/gymnasium/spaces/box.py:297: UserWarning: [33mWARN: Box high's precision lowered by casting to float32, current high.dtype=float64[0m
  gym.logger.warn(
/usr/local/lib/python3.11/dist-packages/gymnasium/spaces/box.py:231: UserWarning: [33mWARN: Box low's precision lowered by casting to float32, current low.dtype=float64[0m
  gym.logger.warn(
/usr/local/lib/python3.11/dist-packages/gymnasium/spaces/box.py:297: UserWarning: [33mWARN: Box high's precision lowered by casting to float32, current high.dtype=float64[0m
  gym.logger.warn(
/usr/local/lib/python3.11/dist-packages/gymnasium/spaces/box.py:231: UserWarning: [33mWARN: Box low's precision lowered by casting to float32, current low.dtype=float64[0m
  gym.logger.warn(
/usr/local/lib/python3.11/dist-packages/gymnasium/spaces/box.py:297: UserWarning: [33mWARN: Box high's precision lowered by casting to float32, current high.dtype=float64[0m
  gym.logger.warn(
/usr/local/lib/python3.11/dist-packages/gymnasium/spaces/box.py:231: UserWarning: [33mWARN: Box low's precision lowered by casting to float32, current low.dtype=float64[0m
  gym.logger.warn(
/usr/local/lib/python3.11/dist-packages/gymnasium/spaces/box.py:297: UserWarning: [33mWARN: Box high's precision lowered by casting to float32, current high.dtype=float64[0m
  gym.logger.warn(
/usr/local/lib/python3.11/dist-packages/gymnasium/spaces/box.py:231: UserWarning: [33mWARN: Box low's precision lowered by casting to float32, current low.dtype=float64[0m
  gym.logger.warn(
/usr/local/lib/python3.11/dist-packages/gymnasium/spaces/box.py:297: UserWarning: [33mWARN: Box high's precision lowered by casting to float32, current high.dtype=float64[0m
  gym.logger.warn(
/usr/local/lib/python3.11/dist-packages/gymnasium/spaces/box.py:231: UserWarning: [33mWARN: Box low's precision lowered by casting to float32, current low.dtype=float64[0m
  gym.logger.warn(
/usr/local/lib/python3.11/dist-packages/gymnasium/spaces/box.py:297: UserWarning: [33mWARN: Box high's precision lowered by casting to float32, current high.dtype=float64[0m
  gym.logger.warn(
/usr/local/lib/python3.11/dist-packages/gymnasium/spaces/box.py:231: UserWarning: [33mWARN: Box low's precision lowered by casting to float32, current low.dtype=float64[0m
  gym.logger.warn(
/usr/local/lib/python3.11/dist-packages/gymnasium/spaces/box.py:297: UserWarning: [33mWARN: Box high's precision lowered by casting to float32, current high.dtype=float64[0m
  gym.logger.warn(
/usr/local/lib/python3.11/dist-packages/gymnasium/spaces/box.py:231: UserWarning: [33mWARN: Box low's precision lowered by casting to float32, current low.dtype=float64[0m
  gym.logger.warn(
/usr/local/lib/python3.11/dist-packages/gymnasium/spaces/box.py:297: UserWarning: [33mWARN: Box high's precision lowered by casting to float32, current high.dtype=float64[0m
  gym.logger.warn(
/usr/local/lib/python3.11/dist-packages/gymnasium/spaces/box.py:231: UserWarning: [33mWARN: Box low's precision lowered by casting to float32, current low.dtype=float64[0m
  gym.logger.warn(
/usr/local/lib/python3.11/dist-packages/gymnasium/spaces/box.py:297: UserWarning: [33mWARN: Box high's precision lowered by casting to float32, current high.dtype=float64[0m
  gym.logger.warn(
/usr/local/lib/python3.11/dist-packages/gymnasium/spaces/box.py:231: UserWarning: [33mWARN: Box low's precision lowered by casting to float32, current low.dtype=float64[0m
  gym.logger.warn(
/usr/local/lib/python3.11/dist-packages/gymnasium/spaces/box.py:297: UserWarning: [33mWARN: Box high's precision lowered by casting to float32, current high.dtype=float64[0m
  gym.logger.warn(
/usr/local/lib/python3.11/dist-packages/gymnasium/spaces/box.py:231: UserWarning: [33mWARN: Box low's precision lowered by casting to float32, current low.dtype=float64[0m
  gym.logger.warn(
/usr/local/lib/python3.11/dist-packages/gymnasium/spaces/box.py:297: UserWarning: [33mWARN: Box high's precision lowered by casting to float32, current high.dtype=float64[0m
  gym.logger.warn(
/usr/local/lib/python3.11/dist-packages/gymnasium/spaces/box.py:231: UserWarning: [33mWARN: Box low's precision lowered by casting to float32, current low.dtype=float64[0m
  gym.logger.warn(
/usr/local/lib/python3.11/dist-packages/gymnasium/spaces/box.py:297: UserWarning: [33mWARN: Box high's precision lowered by casting to float32, current high.dtype=float64[0m
  gym.logger.warn(
/usr/local/lib/python3.11/dist-packages/gymnasium/spaces/box.py:231: UserWarning: [33mWARN: Box low's precision lowered by casting to float32, current low.dtype=float64[0m
  gym.logger.warn(
/usr/local/lib/python3.11/dist-packages/gymnasium/spaces/box.py:297: UserWarning: [33mWARN: Box high's precision lowered by casting to float32, current high.dtype=float64[0m
  gym.logger.warn(
/usr/local/lib/python3.11/dist-packages/gymnasium/spaces/box.py:231: UserWarning: [33mWARN: Box low's precision lowered by casting to float32, current low.dtype=float64[0m
  gym.logger.warn(
/usr/local/lib/python3.11/dist-packages/gymnasium/spaces/box.py:297: UserWarning: [33mWARN: Box high's precision lowered by casting to float32, current high.dtype=float64[0m
  gym.logger.warn(
/usr/local/lib/python3.11/dist-packages/gymnasium/spaces/box.py:231: UserWarning: [33mWARN: Box low's precision lowered by casting to float32, current low.dtype=float64[0m
  gym.logger.warn(
/usr/local/lib/python3.11/dist-packages/gymnasium/spaces/box.py:297: UserWarning: [33mWARN: Box high's precision lowered by casting to float32, current high.dtype=float64[0m
  gym.logger.warn(
/usr/local/lib/python3.11/dist-packages/gymnasium/spaces/box.py:231: UserWarning: [33mWARN: Box low's precision lowered by casting to float32, current low.dtype=float64[0m
  gym.logger.warn(
/usr/local/lib/python3.11/dist-packages/gymnasium/spaces/box.py:297: UserWarning: [33mWARN: Box high's precision lowered by casting to float32, current high.dtype=float64[0m
  gym.logger.warn(
/usr/local/lib/python3.11/dist-packages/gymnasium/spaces/box.py:231: UserWarning: [33mWARN: Box low's precision lowered by casting to float32, current low.dtype=float64[0m
  gym.logger.warn(
/usr/local/lib/python3.11/dist-packages/gymnasium/spaces/box.py:297: UserWarning: [33mWARN: Box high's precision lowered by casting to float32, current high.dtype=float64[0m
  gym.logger.warn(
/usr/local/lib/python3.11/dist-packages/gymnasium/spaces/box.py:231: UserWarning: [33mWARN: Box low's precision lowered by casting to float32, current low.dtype=float64[0m
  gym.logger.warn(
/usr/local/lib/python3.11/dist-packages/gymnasium/spaces/box.py:297: UserWarning: [33mWARN: Box high's precision lowered by casting to float32, current high.dtype=float64[0m
  gym.logger.warn(
/usr/local/lib/python3.11/dist-packages/gymnasium/spaces/box.py:231: UserWarning: [33mWARN: Box low's precision lowered by casting to float32, current low.dtype=float64[0m
  gym.logger.warn(
/usr/local/lib/python3.11/dist-packages/gymnasium/spaces/box.py:297: UserWarning: [33mWARN: Box high's precision lowered by casting to float32, current high.dtype=float64[0m
  gym.logger.warn(
/usr/local/lib/python3.11/dist-packages/gymnasium/spaces/box.py:231: UserWarning: [33mWARN: Box low's precision lowered by casting to float32, current low.dtype=float64[0m
  gym.logger.warn(
/usr/local/lib/python3.11/dist-packages/gymnasium/spaces/box.py:297: UserWarning: [33mWARN: Box high's precision lowered by casting to float32, current high.dtype=float64[0m
  gym.logger.warn(
/usr/local/lib/python3.11/dist-packages/gymnasium/spaces/box.py:231: UserWarning: [33mWARN: Box low's precision lowered by casting to float32, current low.dtype=float64[0m
  gym.logger.warn(
/usr/local/lib/python3.11/dist-packages/gymnasium/spaces/box.py:297: UserWarning: [33mWARN: Box high's precision lowered by casting to float32, current high.dtype=float64[0m
  gym.logger.warn(
/usr/local/lib/python3.11/dist-packages/gymnasium/spaces/box.py:231: UserWarning: [33mWARN: Box low's precision lowered by casting to float32, current low.dtype=float64[0m
  gym.logger.warn(
/usr/local/lib/python3.11/dist-packages/gymnasium/spaces/box.py:297: UserWarning: [33mWARN: Box high's precision lowered by casting to float32, current high.dtype=float64[0m
  gym.logger.warn(
/usr/local/lib/python3.11/dist-packages/gymnasium/spaces/box.py:231: UserWarning: [33mWARN: Box low's precision lowered by casting to float32, current low.dtype=float64[0m
  gym.logger.warn(
/usr/local/lib/python3.11/dist-packages/gymnasium/spaces/box.py:297: UserWarning: [33mWARN: Box high's precision lowered by casting to float32, current high.dtype=float64[0m
  gym.logger.warn(
/usr/local/lib/python3.11/dist-packages/gymnasium/spaces/box.py:231: UserWarning: [33mWARN: Box low's precision lowered by casting to float32, current low.dtype=float64[0m
  gym.logger.warn(
/usr/local/lib/python3.11/dist-packages/gymnasium/spaces/box.py:297: UserWarning: [33mWARN: Box high's precision lowered by casting to float32, current high.dtype=float64[0m
  gym.logger.warn(
/usr/local/lib/python3.11/dist-packages/gymnasium/spaces/box.py:231: UserWarning: [33mWARN: Box low's precision lowered by casting to float32, current low.dtype=float64[0m
  gym.logger.warn(
/usr/local/lib/python3.11/dist-packages/gymnasium/spaces/box.py:297: UserWarning: [33mWARN: Box high's precision lowered by casting to float32, current high.dtype=float64[0m
  gym.logger.warn(
/usr/local/lib/python3.11/dist-packages/gymnasium/spaces/box.py:231: UserWarning: [33mWARN: Box low's precision lowered by casting to float32, current low.dtype=float64[0m
  gym.logger.warn(
/usr/local/lib/python3.11/dist-packages/gymnasium/spaces/box.py:297: UserWarning: [33mWARN: Box high's precision lowered by casting to float32, current high.dtype=float64[0m
  gym.logger.warn(
/usr/local/lib/python3.11/dist-packages/gymnasium/spaces/box.py:231: UserWarning: [33mWARN: Box low's precision lowered by casting to float32, current low.dtype=float64[0m
  gym.logger.warn(
/usr/local/lib/python3.11/dist-packages/gymnasium/spaces/box.py:297: UserWarning: [33mWARN: Box high's precision lowered by casting to float32, current high.dtype=float64[0m
  gym.logger.warn(
/usr/local/lib/python3.11/dist-packages/gymnasium/spaces/box.py:231: UserWarning: [33mWARN: Box low's precision lowered by casting to float32, current low.dtype=float64[0m
  gym.logger.warn(
/usr/local/lib/python3.11/dist-packages/gymnasium/spaces/box.py:297: UserWarning: [33mWARN: Box high's precision lowered by casting to float32, current high.dtype=float64[0m
  gym.logger.warn(
/usr/local/lib/python3.11/dist-packages/gymnasium/spaces/box.py:231: UserWarning: [33mWARN: Box low's precision lowered by casting to float32, current low.dtype=float64[0m
  gym.logger.warn(
/usr/local/lib/python3.11/dist-packages/gymnasium/spaces/box.py:297: UserWarning: [33mWARN: Box high's precision lowered by casting to float32, current high.dtype=float64[0m
  gym.logger.warn(
/usr/local/lib/python3.11/dist-packages/gymnasium/spaces/box.py:231: UserWarning: [33mWARN: Box low's precision lowered by casting to float32, current low.dtype=float64[0m
  gym.logger.warn(
/usr/local/lib/python3.11/dist-packages/gymnasium/spaces/box.py:297: UserWarning: [33mWARN: Box high's precision lowered by casting to float32, current high.dtype=float64[0m
  gym.logger.warn(
/usr/local/lib/python3.11/dist-packages/gymnasium/spaces/box.py:231: UserWarning: [33mWARN: Box low's precision lowered by casting to float32, current low.dtype=float64[0m
  gym.logger.warn(
/usr/local/lib/python3.11/dist-packages/gymnasium/spaces/box.py:297: UserWarning: [33mWARN: Box high's precision lowered by casting to float32, current high.dtype=float64[0m
  gym.logger.warn(
/usr/local/lib/python3.11/dist-packages/gymnasium/spaces/box.py:231: UserWarning: [33mWARN: Box low's precision lowered by casting to float32, current low.dtype=float64[0m
  gym.logger.warn(
/usr/local/lib/python3.11/dist-packages/gymnasium/spaces/box.py:297: UserWarning: [33mWARN: Box high's precision lowered by casting to float32, current high.dtype=float64[0m
  gym.logger.warn(
/usr/local/lib/python3.11/dist-packages/gymnasium/spaces/box.py:231: UserWarning: [33mWARN: Box low's precision lowered by casting to float32, current low.dtype=float64[0m
  gym.logger.warn(
/usr/local/lib/python3.11/dist-packages/gymnasium/spaces/box.py:297: UserWarning: [33mWARN: Box high's precision lowered by casting to float32, current high.dtype=float64[0m
  gym.logger.warn(
/usr/local/lib/python3.11/dist-packages/gymnasium/spaces/box.py:231: UserWarning: [33mWARN: Box low's precision lowered by casting to float32, current low.dtype=float64[0m
  gym.logger.warn(
/usr/local/lib/python3.11/dist-packages/gymnasium/spaces/box.py:297: UserWarning: [33mWARN: Box high's precision lowered by casting to float32, current high.dtype=float64[0m
  gym.logger.warn(
/usr/local/lib/python3.11/dist-packages/gymnasium/spaces/box.py:231: UserWarning: [33mWARN: Box low's precision lowered by casting to float32, current low.dtype=float64[0m
  gym.logger.warn(
/usr/local/lib/python3.11/dist-packages/gymnasium/spaces/box.py:297: UserWarning: [33mWARN: Box high's precision lowered by casting to float32, current high.dtype=float64[0m
  gym.logger.warn(
/usr/local/lib/python3.11/dist-packages/gymnasium/spaces/box.py:231: UserWarning: [33mWARN: Box low's precision lowered by casting to float32, current low.dtype=float64[0m
  gym.logger.warn(
/usr/local/lib/python3.11/dist-packages/gymnasium/spaces/box.py:297: UserWarning: [33mWARN: Box high's precision lowered by casting to float32, current high.dtype=float64[0m
  gym.logger.warn(
/usr/local/lib/python3.11/dist-packages/gymnasium/spaces/box.py:231: UserWarning: [33mWARN: Box low's precision lowered by casting to float32, current low.dtype=float64[0m
  gym.logger.warn(
/usr/local/lib/python3.11/dist-packages/gymnasium/spaces/box.py:297: UserWarning: [33mWARN: Box high's precision lowered by casting to float32, current high.dtype=float64[0m
  gym.logger.warn(
/usr/local/lib/python3.11/dist-packages/gymnasium/spaces/box.py:231: UserWarning: [33mWARN: Box low's precision lowered by casting to float32, current low.dtype=float64[0m
  gym.logger.warn(
/usr/local/lib/python3.11/dist-packages/gymnasium/spaces/box.py:297: UserWarning: [33mWARN: Box high's precision lowered by casting to float32, current high.dtype=float64[0m
  gym.logger.warn(
/usr/local/lib/python3.11/dist-packages/gymnasium/spaces/box.py:231: UserWarning: [33mWARN: Box low's precision lowered by casting to float32, current low.dtype=float64[0m
  gym.logger.warn(
/usr/local/lib/python3.11/dist-packages/gymnasium/spaces/box.py:297: UserWarning: [33mWARN: Box high's precision lowered by casting to float32, current high.dtype=float64[0m
  gym.logger.warn(
/usr/local/lib/python3.11/dist-packages/gymnasium/spaces/box.py:231: UserWarning: [33mWARN: Box low's precision lowered by casting to float32, current low.dtype=float64[0m
  gym.logger.warn(
/usr/local/lib/python3.11/dist-packages/gymnasium/spaces/box.py:297: UserWarning: [33mWARN: Box high's precision lowered by casting to float32, current high.dtype=float64[0m
  gym.logger.warn(
/usr/local/lib/python3.11/dist-packages/gymnasium/spaces/box.py:231: UserWarning: [33mWARN: Box low's precision lowered by casting to float32, current low.dtype=float64[0m
  gym.logger.warn(
/usr/local/lib/python3.11/dist-packages/gymnasium/spaces/box.py:297: UserWarning: [33mWARN: Box high's precision lowered by casting to float32, current high.dtype=float64[0m
  gym.logger.warn(
/usr/local/lib/python3.11/dist-packages/gymnasium/spaces/box.py:231: UserWarning: [33mWARN: Box low's precision lowered by casting to float32, current low.dtype=float64[0m
  gym.logger.warn(
/usr/local/lib/python3.11/dist-packages/gymnasium/spaces/box.py:297: UserWarning: [33mWARN: Box high's precision lowered by casting to float32, current high.dtype=float64[0m
  gym.logger.warn(
/usr/local/lib/python3.11/dist-packages/gymnasium/spaces/box.py:231: UserWarning: [33mWARN: Box low's precision lowered by casting to float32, current low.dtype=float64[0m
  gym.logger.warn(
/usr/local/lib/python3.11/dist-packages/gymnasium/spaces/box.py:297: UserWarning: [33mWARN: Box high's precision lowered by casting to float32, current high.dtype=float64[0m
  gym.logger.warn(
/usr/local/lib/python3.11/dist-packages/gymnasium/spaces/box.py:231: UserWarning: [33mWARN: Box low's precision lowered by casting to float32, current low.dtype=float64[0m
  gym.logger.warn(
/usr/local/lib/python3.11/dist-packages/gymnasium/spaces/box.py:297: UserWarning: [33mWARN: Box high's precision lowered by casting to float32, current high.dtype=float64[0m
  gym.logger.warn(
/usr/local/lib/python3.11/dist-packages/gymnasium/spaces/box.py:231: UserWarning: [33mWARN: Box low's precision lowered by casting to float32, current low.dtype=float64[0m
  gym.logger.warn(
/usr/local/lib/python3.11/dist-packages/gymnasium/spaces/box.py:297: UserWarning: [33mWARN: Box high's precision lowered by casting to float32, current high.dtype=float64[0m
  gym.logger.warn(
/usr/local/lib/python3.11/dist-packages/gymnasium/spaces/box.py:231: UserWarning: [33mWARN: Box low's precision lowered by casting to float32, current low.dtype=float64[0m
  gym.logger.warn(
/usr/local/lib/python3.11/dist-packages/gymnasium/spaces/box.py:297: UserWarning: [33mWARN: Box high's precision lowered by casting to float32, current high.dtype=float64[0m
  gym.logger.warn(
/usr/local/lib/python3.11/dist-packages/gymnasium/spaces/box.py:231: UserWarning: [33mWARN: Box low's precision lowered by casting to float32, current low.dtype=float64[0m
  gym.logger.warn(
/usr/local/lib/python3.11/dist-packages/gymnasium/spaces/box.py:297: UserWarning: [33mWARN: Box high's precision lowered by casting to float32, current high.dtype=float64[0m
  gym.logger.warn(
/usr/local/lib/python3.11/dist-packages/gymnasium/spaces/box.py:231: UserWarning: [33mWARN: Box low's precision lowered by casting to float32, current low.dtype=float64[0m
  gym.logger.warn(
/usr/local/lib/python3.11/dist-packages/gymnasium/spaces/box.py:297: UserWarning: [33mWARN: Box high's precision lowered by casting to float32, current high.dtype=float64[0m
  gym.logger.warn(
/usr/local/lib/python3.11/dist-packages/gymnasium/spaces/box.py:231: UserWarning: [33mWARN: Box low's precision lowered by casting to float32, current low.dtype=float64[0m
  gym.logger.warn(
/usr/local/lib/python3.11/dist-packages/gymnasium/spaces/box.py:297: UserWarning: [33mWARN: Box high's precision lowered by casting to float32, current high.dtype=float64[0m
  gym.logger.warn(
/usr/local/lib/python3.11/dist-packages/gymnasium/spaces/box.py:231: UserWarning: [33mWARN: Box low's precision lowered by casting to float32, current low.dtype=float64[0m
  gym.logger.warn(
/usr/local/lib/python3.11/dist-packages/gymnasium/spaces/box.py:297: UserWarning: [33mWARN: Box high's precision lowered by casting to float32, current high.dtype=float64[0m
  gym.logger.warn(
/usr/local/lib/python3.11/dist-packages/gymnasium/spaces/box.py:231: UserWarning: [33mWARN: Box low's precision lowered by casting to float32, current low.dtype=float64[0m
  gym.logger.warn(
/usr/local/lib/python3.11/dist-packages/gymnasium/spaces/box.py:297: UserWarning: [33mWARN: Box high's precision lowered by casting to float32, current high.dtype=float64[0m
  gym.logger.warn(
/usr/local/lib/python3.11/dist-packages/gymnasium/spaces/box.py:231: UserWarning: [33mWARN: Box low's precision lowered by casting to float32, current low.dtype=float64[0m
  gym.logger.warn(
/usr/local/lib/python3.11/dist-packages/gymnasium/spaces/box.py:297: UserWarning: [33mWARN: Box high's precision lowered by casting to float32, current high.dtype=float64[0m
  gym.logger.warn(
/usr/local/lib/python3.11/dist-packages/gymnasium/spaces/box.py:231: UserWarning: [33mWARN: Box low's precision lowered by casting to float32, current low.dtype=float64[0m
  gym.logger.warn(
/usr/local/lib/python3.11/dist-packages/gymnasium/spaces/box.py:297: UserWarning: [33mWARN: Box high's precision lowered by casting to float32, current high.dtype=float64[0m
  gym.logger.warn(
/usr/local/lib/python3.11/dist-packages/gymnasium/spaces/box.py:231: UserWarning: [33mWARN: Box low's precision lowered by casting to float32, current low.dtype=float64[0m
  gym.logger.warn(
/usr/local/lib/python3.11/dist-packages/gymnasium/spaces/box.py:297: UserWarning: [33mWARN: Box high's precision lowered by casting to float32, current high.dtype=float64[0m
  gym.logger.warn(
/usr/local/lib/python3.11/dist-packages/gymnasium/spaces/box.py:231: UserWarning: [33mWARN: Box low's precision lowered by casting to float32, current low.dtype=float64[0m
  gym.logger.warn(
/usr/local/lib/python3.11/dist-packages/gymnasium/spaces/box.py:297: UserWarning: [33mWARN: Box high's precision lowered by casting to float32, current high.dtype=float64[0m
  gym.logger.warn(
/usr/local/lib/python3.11/dist-packages/gymnasium/spaces/box.py:231: UserWarning: [33mWARN: Box low's precision lowered by casting to float32, current low.dtype=float64[0m
  gym.logger.warn(
/usr/local/lib/python3.11/dist-packages/gymnasium/spaces/box.py:297: UserWarning: [33mWARN: Box high's precision lowered by casting to float32, current high.dtype=float64[0m
  gym.logger.warn(
/usr/local/lib/python3.11/dist-packages/gymnasium/spaces/box.py:231: UserWarning: [33mWARN: Box low's precision lowered by casting to float32, current low.dtype=float64[0m
  gym.logger.warn(
/usr/local/lib/python3.11/dist-packages/gymnasium/spaces/box.py:297: UserWarning: [33mWARN: Box high's precision lowered by casting to float32, current high.dtype=float64[0m
  gym.logger.warn(
/usr/local/lib/python3.11/dist-packages/gymnasium/spaces/box.py:231: UserWarning: [33mWARN: Box low's precision lowered by casting to float32, current low.dtype=float64[0m
  gym.logger.warn(
/usr/local/lib/python3.11/dist-packages/gymnasium/spaces/box.py:297: UserWarning: [33mWARN: Box high's precision lowered by casting to float32, current high.dtype=float64[0m
  gym.logger.warn(
/usr/local/lib/python3.11/dist-packages/gymnasium/spaces/box.py:231: UserWarning: [33mWARN: Box low's precision lowered by casting to float32, current low.dtype=float64[0m
  gym.logger.warn(
/usr/local/lib/python3.11/dist-packages/gymnasium/spaces/box.py:297: UserWarning: [33mWARN: Box high's precision lowered by casting to float32, current high.dtype=float64[0m
  gym.logger.warn(
/usr/local/lib/python3.11/dist-packages/gymnasium/spaces/box.py:231: UserWarning: [33mWARN: Box low's precision lowered by casting to float32, current low.dtype=float64[0m
  gym.logger.warn(
/usr/local/lib/python3.11/dist-packages/gymnasium/spaces/box.py:297: UserWarning: [33mWARN: Box high's precision lowered by casting to float32, current high.dtype=float64[0m
  gym.logger.warn(
/usr/local/lib/python3.11/dist-packages/gymnasium/spaces/box.py:231: UserWarning: [33mWARN: Box low's precision lowered by casting to float32, current low.dtype=float64[0m
  gym.logger.warn(
/usr/local/lib/python3.11/dist-packages/gymnasium/spaces/box.py:297: UserWarning: [33mWARN: Box high's precision lowered by casting to float32, current high.dtype=float64[0m
  gym.logger.warn(
/usr/local/lib/python3.11/dist-packages/gymnasium/spaces/box.py:231: UserWarning: [33mWARN: Box low's precision lowered by casting to float32, current low.dtype=float64[0m
  gym.logger.warn(
/usr/local/lib/python3.11/dist-packages/gymnasium/spaces/box.py:297: UserWarning: [33mWARN: Box high's precision lowered by casting to float32, current high.dtype=float64[0m
  gym.logger.warn(
/usr/local/lib/python3.11/dist-packages/gymnasium/spaces/box.py:231: UserWarning: [33mWARN: Box low's precision lowered by casting to float32, current low.dtype=float64[0m
  gym.logger.warn(
/usr/local/lib/python3.11/dist-packages/gymnasium/spaces/box.py:297: UserWarning: [33mWARN: Box high's precision lowered by casting to float32, current high.dtype=float64[0m
  gym.logger.warn(
/usr/local/lib/python3.11/dist-packages/gymnasium/spaces/box.py:231: UserWarning: [33mWARN: Box low's precision lowered by casting to float32, current low.dtype=float64[0m
  gym.logger.warn(
/usr/local/lib/python3.11/dist-packages/gymnasium/spaces/box.py:297: UserWarning: [33mWARN: Box high's precision lowered by casting to float32, current high.dtype=float64[0m
  gym.logger.warn(
/usr/local/lib/python3.11/dist-packages/gymnasium/spaces/box.py:231: UserWarning: [33mWARN: Box low's precision lowered by casting to float32, current low.dtype=float64[0m
  gym.logger.warn(
/usr/local/lib/python3.11/dist-packages/gymnasium/spaces/box.py:297: UserWarning: [33mWARN: Box high's precision lowered by casting to float32, current high.dtype=float64[0m
  gym.logger.warn(
/usr/local/lib/python3.11/dist-packages/gymnasium/spaces/box.py:231: UserWarning: [33mWARN: Box low's precision lowered by casting to float32, current low.dtype=float64[0m
  gym.logger.warn(
/usr/local/lib/python3.11/dist-packages/gymnasium/spaces/box.py:297: UserWarning: [33mWARN: Box high's precision lowered by casting to float32, current high.dtype=float64[0m
  gym.logger.warn(
/usr/local/lib/python3.11/dist-packages/gymnasium/spaces/box.py:231: UserWarning: [33mWARN: Box low's precision lowered by casting to float32, current low.dtype=float64[0m
  gym.logger.warn(
/usr/local/lib/python3.11/dist-packages/gymnasium/spaces/box.py:297: UserWarning: [33mWARN: Box high's precision lowered by casting to float32, current high.dtype=float64[0m
  gym.logger.warn(
/usr/local/lib/python3.11/dist-packages/gymnasium/spaces/box.py:231: UserWarning: [33mWARN: Box low's precision lowered by casting to float32, current low.dtype=float64[0m
  gym.logger.warn(
/usr/local/lib/python3.11/dist-packages/gymnasium/spaces/box.py:297: UserWarning: [33mWARN: Box high's precision lowered by casting to float32, current high.dtype=float64[0m
  gym.logger.warn(
/usr/local/lib/python3.11/dist-packages/gymnasium/spaces/box.py:231: UserWarning: [33mWARN: Box low's precision lowered by casting to float32, current low.dtype=float64[0m
  gym.logger.warn(
/usr/local/lib/python3.11/dist-packages/gymnasium/spaces/box.py:297: UserWarning: [33mWARN: Box high's precision lowered by casting to float32, current high.dtype=float64[0m
  gym.logger.warn(
/usr/local/lib/python3.11/dist-packages/gymnasium/spaces/box.py:231: UserWarning: [33mWARN: Box low's precision lowered by casting to float32, current low.dtype=float64[0m
  gym.logger.warn(
/usr/local/lib/python3.11/dist-packages/gymnasium/spaces/box.py:297: UserWarning: [33mWARN: Box high's precision lowered by casting to float32, current high.dtype=float64[0m
  gym.logger.warn(
/usr/local/lib/python3.11/dist-packages/gymnasium/spaces/box.py:231: UserWarning: [33mWARN: Box low's precision lowered by casting to float32, current low.dtype=float64[0m
  gym.logger.warn(
/usr/local/lib/python3.11/dist-packages/gymnasium/spaces/box.py:297: UserWarning: [33mWARN: Box high's precision lowered by casting to float32, current high.dtype=float64[0m
  gym.logger.warn(
/usr/local/lib/python3.11/dist-packages/gymnasium/spaces/box.py:231: UserWarning: [33mWARN: Box low's precision lowered by casting to float32, current low.dtype=float64[0m
  gym.logger.warn(
/usr/local/lib/python3.11/dist-packages/gymnasium/spaces/box.py:297: UserWarning: [33mWARN: Box high's precision lowered by casting to float32, current high.dtype=float64[0m
  gym.logger.warn(
/usr/local/lib/python3.11/dist-packages/gymnasium/spaces/box.py:231: UserWarning: [33mWARN: Box low's precision lowered by casting to float32, current low.dtype=float64[0m
  gym.logger.warn(
/usr/local/lib/python3.11/dist-packages/gymnasium/spaces/box.py:297: UserWarning: [33mWARN: Box high's precision lowered by casting to float32, current high.dtype=float64[0m
  gym.logger.warn(
/usr/local/lib/python3.11/dist-packages/gymnasium/spaces/box.py:231: UserWarning: [33mWARN: Box low's precision lowered by casting to float32, current low.dtype=float64[0m
  gym.logger.warn(
/usr/local/lib/python3.11/dist-packages/gymnasium/spaces/box.py:297: UserWarning: [33mWARN: Box high's precision lowered by casting to float32, current high.dtype=float64[0m
  gym.logger.warn(
/usr/local/lib/python3.11/dist-packages/gymnasium/spaces/box.py:231: UserWarning: [33mWARN: Box low's precision lowered by casting to float32, current low.dtype=float64[0m
  gym.logger.warn(
/usr/local/lib/python3.11/dist-packages/gymnasium/spaces/box.py:297: UserWarning: [33mWARN: Box high's precision lowered by casting to float32, current high.dtype=float64[0m
  gym.logger.warn(
/usr/local/lib/python3.11/dist-packages/gymnasium/spaces/box.py:231: UserWarning: [33mWARN: Box low's precision lowered by casting to float32, current low.dtype=float64[0m
  gym.logger.warn(
/usr/local/lib/python3.11/dist-packages/gymnasium/spaces/box.py:297: UserWarning: [33mWARN: Box high's precision lowered by casting to float32, current high.dtype=float64[0m
  gym.logger.warn(
/usr/local/lib/python3.11/dist-packages/gymnasium/spaces/box.py:231: UserWarning: [33mWARN: Box low's precision lowered by casting to float32, current low.dtype=float64[0m
  gym.logger.warn(
/usr/local/lib/python3.11/dist-packages/gymnasium/spaces/box.py:297: UserWarning: [33mWARN: Box high's precision lowered by casting to float32, current high.dtype=float64[0m
  gym.logger.warn(
/usr/local/lib/python3.11/dist-packages/gymnasium/spaces/box.py:231: UserWarning: [33mWARN: Box low's precision lowered by casting to float32, current low.dtype=float64[0m
  gym.logger.warn(
/usr/local/lib/python3.11/dist-packages/gymnasium/spaces/box.py:297: UserWarning: [33mWARN: Box high's precision lowered by casting to float32, current high.dtype=float64[0m
  gym.logger.warn(
/usr/local/lib/python3.11/dist-packages/gymnasium/spaces/box.py:231: UserWarning: [33mWARN: Box low's precision lowered by casting to float32, current low.dtype=float64[0m
  gym.logger.warn(
/usr/local/lib/python3.11/dist-packages/gymnasium/spaces/box.py:297: UserWarning: [33mWARN: Box high's precision lowered by casting to float32, current high.dtype=float64[0m
  gym.logger.warn(
/usr/local/lib/python3.11/dist-packages/gymnasium/spaces/box.py:231: UserWarning: [33mWARN: Box low's precision lowered by casting to float32, current low.dtype=float64[0m
  gym.logger.warn(
/usr/local/lib/python3.11/dist-packages/gymnasium/spaces/box.py:297: UserWarning: [33mWARN: Box high's precision lowered by casting to float32, current high.dtype=float64[0m
  gym.logger.warn(
/usr/local/lib/python3.11/dist-packages/gymnasium/spaces/box.py:231: UserWarning: [33mWARN: Box low's precision lowered by casting to float32, current low.dtype=float64[0m
  gym.logger.warn(
/usr/local/lib/python3.11/dist-packages/gymnasium/spaces/box.py:297: UserWarning: [33mWARN: Box high's precision lowered by casting to float32, current high.dtype=float64[0m
  gym.logger.warn(
/usr/local/lib/python3.11/dist-packages/gymnasium/spaces/box.py:231: UserWarning: [33mWARN: Box low's precision lowered by casting to float32, current low.dtype=float64[0m
  gym.logger.warn(
/usr/local/lib/python3.11/dist-packages/gymnasium/spaces/box.py:297: UserWarning: [33mWARN: Box high's precision lowered by casting to float32, current high.dtype=float64[0m
  gym.logger.warn(
/usr/local/lib/python3.11/dist-packages/gymnasium/spaces/box.py:231: UserWarning: [33mWARN: Box low's precision lowered by casting to float32, current low.dtype=float64[0m
  gym.logger.warn(
/usr/local/lib/python3.11/dist-packages/gymnasium/spaces/box.py:297: UserWarning: [33mWARN: Box high's precision lowered by casting to float32, current high.dtype=float64[0m
  gym.logger.warn(
/usr/local/lib/python3.11/dist-packages/gymnasium/spaces/box.py:231: UserWarning: [33mWARN: Box low's precision lowered by casting to float32, current low.dtype=float64[0m
  gym.logger.warn(
/usr/local/lib/python3.11/dist-packages/gymnasium/spaces/box.py:297: UserWarning: [33mWARN: Box high's precision lowered by casting to float32, current high.dtype=float64[0m
  gym.logger.warn(
/usr/local/lib/python3.11/dist-packages/gymnasium/spaces/box.py:231: UserWarning: [33mWARN: Box low's precision lowered by casting to float32, current low.dtype=float64[0m
  gym.logger.warn(
/usr/local/lib/python3.11/dist-packages/gymnasium/spaces/box.py:297: UserWarning: [33mWARN: Box high's precision lowered by casting to float32, current high.dtype=float64[0m
  gym.logger.warn(
/usr/local/lib/python3.11/dist-packages/gymnasium/spaces/box.py:231: UserWarning: [33mWARN: Box low's precision lowered by casting to float32, current low.dtype=float64[0m
  gym.logger.warn(
/usr/local/lib/python3.11/dist-packages/gymnasium/spaces/box.py:297: UserWarning: [33mWARN: Box high's precision lowered by casting to float32, current high.dtype=float64[0m
  gym.logger.warn(
/usr/local/lib/python3.11/dist-packages/gymnasium/spaces/box.py:231: UserWarning: [33mWARN: Box low's precision lowered by casting to float32, current low.dtype=float64[0m
  gym.logger.warn(
/usr/local/lib/python3.11/dist-packages/gymnasium/spaces/box.py:297: UserWarning: [33mWARN: Box high's precision lowered by casting to float32, current high.dtype=float64[0m
  gym.logger.warn(
/usr/local/lib/python3.11/dist-packages/gymnasium/spaces/box.py:231: UserWarning: [33mWARN: Box low's precision lowered by casting to float32, current low.dtype=float64[0m
  gym.logger.warn(
/usr/local/lib/python3.11/dist-packages/gymnasium/spaces/box.py:297: UserWarning: [33mWARN: Box high's precision lowered by casting to float32, current high.dtype=float64[0m
  gym.logger.warn(
/usr/local/lib/python3.11/dist-packages/gymnasium/spaces/box.py:231: UserWarning: [33mWARN: Box low's precision lowered by casting to float32, current low.dtype=float64[0m
  gym.logger.warn(
/usr/local/lib/python3.11/dist-packages/gymnasium/spaces/box.py:297: UserWarning: [33mWARN: Box high's precision lowered by casting to float32, current high.dtype=float64[0m
  gym.logger.warn(
/usr/local/lib/python3.11/dist-packages/gymnasium/spaces/box.py:231: UserWarning: [33mWARN: Box low's precision lowered by casting to float32, current low.dtype=float64[0m
  gym.logger.warn(
/usr/local/lib/python3.11/dist-packages/gymnasium/spaces/box.py:297: UserWarning: [33mWARN: Box high's precision lowered by casting to float32, current high.dtype=float64[0m
  gym.logger.warn(
/usr/local/lib/python3.11/dist-packages/gymnasium/spaces/box.py:231: UserWarning: [33mWARN: Box low's precision lowered by casting to float32, current low.dtype=float64[0m
  gym.logger.warn(
/usr/local/lib/python3.11/dist-packages/gymnasium/spaces/box.py:297: UserWarning: [33mWARN: Box high's precision lowered by casting to float32, current high.dtype=float64[0m
  gym.logger.warn(
/usr/local/lib/python3.11/dist-packages/gymnasium/spaces/box.py:231: UserWarning: [33mWARN: Box low's precision lowered by casting to float32, current low.dtype=float64[0m
  gym.logger.warn(
/usr/local/lib/python3.11/dist-packages/gymnasium/spaces/box.py:297: UserWarning: [33mWARN: Box high's precision lowered by casting to float32, current high.dtype=float64[0m
  gym.logger.warn(
/usr/local/lib/python3.11/dist-packages/gymnasium/spaces/box.py:231: UserWarning: [33mWARN: Box low's precision lowered by casting to float32, current low.dtype=float64[0m
  gym.logger.warn(
/usr/local/lib/python3.11/dist-packages/gymnasium/spaces/box.py:297: UserWarning: [33mWARN: Box high's precision lowered by casting to float32, current high.dtype=float64[0m
  gym.logger.warn(
/usr/local/lib/python3.11/dist-packages/gymnasium/spaces/box.py:231: UserWarning: [33mWARN: Box low's precision lowered by casting to float32, current low.dtype=float64[0m
  gym.logger.warn(
/usr/local/lib/python3.11/dist-packages/gymnasium/spaces/box.py:297: UserWarning: [33mWARN: Box high's precision lowered by casting to float32, current high.dtype=float64[0m
  gym.logger.warn(
/usr/local/lib/python3.11/dist-packages/gymnasium/spaces/box.py:231: UserWarning: [33mWARN: Box low's precision lowered by casting to float32, current low.dtype=float64[0m
  gym.logger.warn(
/usr/local/lib/python3.11/dist-packages/gymnasium/spaces/box.py:297: UserWarning: [33mWARN: Box high's precision lowered by casting to float32, current high.dtype=float64[0m
  gym.logger.warn(
/usr/local/lib/python3.11/dist-packages/gymnasium/spaces/box.py:231: UserWarning: [33mWARN: Box low's precision lowered by casting to float32, current low.dtype=float64[0m
  gym.logger.warn(
/usr/local/lib/python3.11/dist-packages/gymnasium/spaces/box.py:297: UserWarning: [33mWARN: Box high's precision lowered by casting to float32, current high.dtype=float64[0m
  gym.logger.warn(
/usr/local/lib/python3.11/dist-packages/gymnasium/spaces/box.py:231: UserWarning: [33mWARN: Box low's precision lowered by casting to float32, current low.dtype=float64[0m
  gym.logger.warn(
/usr/local/lib/python3.11/dist-packages/gymnasium/spaces/box.py:297: UserWarning: [33mWARN: Box high's precision lowered by casting to float32, current high.dtype=float64[0m
  gym.logger.warn(
/usr/local/lib/python3.11/dist-packages/gymnasium/spaces/box.py:231: UserWarning: [33mWARN: Box low's precision lowered by casting to float32, current low.dtype=float64[0m
  gym.logger.warn(
/usr/local/lib/python3.11/dist-packages/gymnasium/spaces/box.py:297: UserWarning: [33mWARN: Box high's precision lowered by casting to float32, current high.dtype=float64[0m
  gym.logger.warn(
/usr/local/lib/python3.11/dist-packages/gymnasium/spaces/box.py:231: UserWarning: [33mWARN: Box low's precision lowered by casting to float32, current low.dtype=float64[0m
  gym.logger.warn(
/usr/local/lib/python3.11/dist-packages/gymnasium/spaces/box.py:297: UserWarning: [33mWARN: Box high's precision lowered by casting to float32, current high.dtype=float64[0m
  gym.logger.warn(
/usr/local/lib/python3.11/dist-packages/gymnasium/spaces/box.py:231: UserWarning: [33mWARN: Box low's precision lowered by casting to float32, current low.dtype=float64[0m
  gym.logger.warn(
/usr/local/lib/python3.11/dist-packages/gymnasium/spaces/box.py:297: UserWarning: [33mWARN: Box high's precision lowered by casting to float32, current high.dtype=float64[0m
  gym.logger.warn(
/usr/local/lib/python3.11/dist-packages/gymnasium/spaces/box.py:231: UserWarning: [33mWARN: Box low's precision lowered by casting to float32, current low.dtype=float64[0m
  gym.logger.warn(
/usr/local/lib/python3.11/dist-packages/gymnasium/spaces/box.py:297: UserWarning: [33mWARN: Box high's precision lowered by casting to float32, current high.dtype=float64[0m
  gym.logger.warn(
/usr/local/lib/python3.11/dist-packages/gymnasium/spaces/box.py:231: UserWarning: [33mWARN: Box low's precision lowered by casting to float32, current low.dtype=float64[0m
  gym.logger.warn(
/usr/local/lib/python3.11/dist-packages/gymnasium/spaces/box.py:297: UserWarning: [33mWARN: Box high's precision lowered by casting to float32, current high.dtype=float64[0m
  gym.logger.warn(
/usr/local/lib/python3.11/dist-packages/gymnasium/spaces/box.py:231: UserWarning: [33mWARN: Box low's precision lowered by casting to float32, current low.dtype=float64[0m
  gym.logger.warn(
/usr/local/lib/python3.11/dist-packages/gymnasium/spaces/box.py:297: UserWarning: [33mWARN: Box high's precision lowered by casting to float32, current high.dtype=float64[0m
  gym.logger.warn(
/usr/local/lib/python3.11/dist-packages/gymnasium/spaces/box.py:231: UserWarning: [33mWARN: Box low's precision lowered by casting to float32, current low.dtype=float64[0m
  gym.logger.warn(
/usr/local/lib/python3.11/dist-packages/gymnasium/spaces/box.py:297: UserWarning: [33mWARN: Box high's precision lowered by casting to float32, current high.dtype=float64[0m
  gym.logger.warn(
/usr/local/lib/python3.11/dist-packages/gymnasium/spaces/box.py:231: UserWarning: [33mWARN: Box low's precision lowered by casting to float32, current low.dtype=float64[0m
  gym.logger.warn(
/usr/local/lib/python3.11/dist-packages/gymnasium/spaces/box.py:297: UserWarning: [33mWARN: Box high's precision lowered by casting to float32, current high.dtype=float64[0m
  gym.logger.warn(
/usr/local/lib/python3.11/dist-packages/gymnasium/spaces/box.py:231: UserWarning: [33mWARN: Box low's precision lowered by casting to float32, current low.dtype=float64[0m
  gym.logger.warn(
/usr/local/lib/python3.11/dist-packages/gymnasium/spaces/box.py:297: UserWarning: [33mWARN: Box high's precision lowered by casting to float32, current high.dtype=float64[0m
  gym.logger.warn(
/usr/local/lib/python3.11/dist-packages/gymnasium/spaces/box.py:231: UserWarning: [33mWARN: Box low's precision lowered by casting to float32, current low.dtype=float64[0m
  gym.logger.warn(
/usr/local/lib/python3.11/dist-packages/gymnasium/spaces/box.py:297: UserWarning: [33mWARN: Box high's precision lowered by casting to float32, current high.dtype=float64[0m
  gym.logger.warn(
/usr/local/lib/python3.11/dist-packages/gymnasium/spaces/box.py:231: UserWarning: [33mWARN: Box low's precision lowered by casting to float32, current low.dtype=float64[0m
  gym.logger.warn(
/usr/local/lib/python3.11/dist-packages/gymnasium/spaces/box.py:297: UserWarning: [33mWARN: Box high's precision lowered by casting to float32, current high.dtype=float64[0m
  gym.logger.warn(
/usr/local/lib/python3.11/dist-packages/gymnasium/spaces/box.py:231: UserWarning: [33mWARN: Box low's precision lowered by casting to float32, current low.dtype=float64[0m
  gym.logger.warn(
/usr/local/lib/python3.11/dist-packages/gymnasium/spaces/box.py:297: UserWarning: [33mWARN: Box high's precision lowered by casting to float32, current high.dtype=float64[0m
  gym.logger.warn(
/usr/local/lib/python3.11/dist-packages/gymnasium/spaces/box.py:231: UserWarning: [33mWARN: Box low's precision lowered by casting to float32, current low.dtype=float64[0m
  gym.logger.warn(
/usr/local/lib/python3.11/dist-packages/gymnasium/spaces/box.py:297: UserWarning: [33mWARN: Box high's precision lowered by casting to float32, current high.dtype=float64[0m
  gym.logger.warn(
/usr/local/lib/python3.11/dist-packages/gymnasium/spaces/box.py:231: UserWarning: [33mWARN: Box low's precision lowered by casting to float32, current low.dtype=float64[0m
  gym.logger.warn(
/usr/local/lib/python3.11/dist-packages/gymnasium/spaces/box.py:297: UserWarning: [33mWARN: Box high's precision lowered by casting to float32, current high.dtype=float64[0m
  gym.logger.warn(
/usr/local/lib/python3.11/dist-packages/gymnasium/spaces/box.py:231: UserWarning: [33mWARN: Box low's precision lowered by casting to float32, current low.dtype=float64[0m
  gym.logger.warn(
/usr/local/lib/python3.11/dist-packages/gymnasium/spaces/box.py:297: UserWarning: [33mWARN: Box high's precision lowered by casting to float32, current high.dtype=float64[0m
  gym.logger.warn(
/usr/local/lib/python3.11/dist-packages/gymnasium/spaces/box.py:231: UserWarning: [33mWARN: Box low's precision lowered by casting to float32, current low.dtype=float64[0m
  gym.logger.warn(
/usr/local/lib/python3.11/dist-packages/gymnasium/spaces/box.py:297: UserWarning: [33mWARN: Box high's precision lowered by casting to float32, current high.dtype=float64[0m
  gym.logger.warn(
/usr/local/lib/python3.11/dist-packages/gymnasium/spaces/box.py:231: UserWarning: [33mWARN: Box low's precision lowered by casting to float32, current low.dtype=float64[0m
  gym.logger.warn(
/usr/local/lib/python3.11/dist-packages/gymnasium/spaces/box.py:297: UserWarning: [33mWARN: Box high's precision lowered by casting to float32, current high.dtype=float64[0m
  gym.logger.warn(
/usr/local/lib/python3.11/dist-packages/gymnasium/spaces/box.py:231: UserWarning: [33mWARN: Box low's precision lowered by casting to float32, current low.dtype=float64[0m
  gym.logger.warn(
/usr/local/lib/python3.11/dist-packages/gymnasium/spaces/box.py:297: UserWarning: [33mWARN: Box high's precision lowered by casting to float32, current high.dtype=float64[0m
  gym.logger.warn(
/usr/local/lib/python3.11/dist-packages/gymnasium/spaces/box.py:231: UserWarning: [33mWARN: Box low's precision lowered by casting to float32, current low.dtype=float64[0m
  gym.logger.warn(
/usr/local/lib/python3.11/dist-packages/gymnasium/spaces/box.py:297: UserWarning: [33mWARN: Box high's precision lowered by casting to float32, current high.dtype=float64[0m
  gym.logger.warn(
/usr/local/lib/python3.11/dist-packages/gymnasium/spaces/box.py:231: UserWarning: [33mWARN: Box low's precision lowered by casting to float32, current low.dtype=float64[0m
  gym.logger.warn(
/usr/local/lib/python3.11/dist-packages/gymnasium/spaces/box.py:297: UserWarning: [33mWARN: Box high's precision lowered by casting to float32, current high.dtype=float64[0m
  gym.logger.warn(
/usr/local/lib/python3.11/dist-packages/gymnasium/spaces/box.py:231: UserWarning: [33mWARN: Box low's precision lowered by casting to float32, current low.dtype=float64[0m
  gym.logger.warn(
/usr/local/lib/python3.11/dist-packages/gymnasium/spaces/box.py:297: UserWarning: [33mWARN: Box high's precision lowered by casting to float32, current high.dtype=float64[0m
  gym.logger.warn(
/usr/local/lib/python3.11/dist-packages/gymnasium/spaces/box.py:231: UserWarning: [33mWARN: Box low's precision lowered by casting to float32, current low.dtype=float64[0m
  gym.logger.warn(
/usr/local/lib/python3.11/dist-packages/gymnasium/spaces/box.py:297: UserWarning: [33mWARN: Box high's precision lowered by casting to float32, current high.dtype=float64[0m
  gym.logger.warn(
/usr/local/lib/python3.11/dist-packages/gymnasium/spaces/box.py:231: UserWarning: [33mWARN: Box low's precision lowered by casting to float32, current low.dtype=float64[0m
  gym.logger.warn(
/usr/local/lib/python3.11/dist-packages/gymnasium/spaces/box.py:297: UserWarning: [33mWARN: Box high's precision lowered by casting to float32, current high.dtype=float64[0m
  gym.logger.warn(
/usr/local/lib/python3.11/dist-packages/gymnasium/spaces/box.py:231: UserWarning: [33mWARN: Box low's precision lowered by casting to float32, current low.dtype=float64[0m
  gym.logger.warn(
/usr/local/lib/python3.11/dist-packages/gymnasium/spaces/box.py:297: UserWarning: [33mWARN: Box high's precision lowered by casting to float32, current high.dtype=float64[0m
  gym.logger.warn(
/usr/local/lib/python3.11/dist-packages/gymnasium/spaces/box.py:231: UserWarning: [33mWARN: Box low's precision lowered by casting to float32, current low.dtype=float64[0m
  gym.logger.warn(
/usr/local/lib/python3.11/dist-packages/gymnasium/spaces/box.py:297: UserWarning: [33mWARN: Box high's precision lowered by casting to float32, current high.dtype=float64[0m
  gym.logger.warn(
/usr/local/lib/python3.11/dist-packages/gymnasium/spaces/box.py:231: UserWarning: [33mWARN: Box low's precision lowered by casting to float32, current low.dtype=float64[0m
  gym.logger.warn(
/usr/local/lib/python3.11/dist-packages/gymnasium/spaces/box.py:297: UserWarning: [33mWARN: Box high's precision lowered by casting to float32, current high.dtype=float64[0m
  gym.logger.warn(
/usr/local/lib/python3.11/dist-packages/gymnasium/spaces/box.py:231: UserWarning: [33mWARN: Box low's precision lowered by casting to float32, current low.dtype=float64[0m
  gym.logger.warn(
/usr/local/lib/python3.11/dist-packages/gymnasium/spaces/box.py:297: UserWarning: [33mWARN: Box high's precision lowered by casting to float32, current high.dtype=float64[0m
  gym.logger.warn(
/usr/local/lib/python3.11/dist-packages/gymnasium/spaces/box.py:231: UserWarning: [33mWARN: Box low's precision lowered by casting to float32, current low.dtype=float64[0m
  gym.logger.warn(
/usr/local/lib/python3.11/dist-packages/gymnasium/spaces/box.py:297: UserWarning: [33mWARN: Box high's precision lowered by casting to float32, current high.dtype=float64[0m
  gym.logger.warn(
/usr/local/lib/python3.11/dist-packages/gymnasium/spaces/box.py:231: UserWarning: [33mWARN: Box low's precision lowered by casting to float32, current low.dtype=float64[0m
  gym.logger.warn(
/usr/local/lib/python3.11/dist-packages/gymnasium/spaces/box.py:297: UserWarning: [33mWARN: Box high's precision lowered by casting to float32, current high.dtype=float64[0m
  gym.logger.warn(
/usr/local/lib/python3.11/dist-packages/gymnasium/spaces/box.py:231: UserWarning: [33mWARN: Box low's precision lowered by casting to float32, current low.dtype=float64[0m
  gym.logger.warn(
/usr/local/lib/python3.11/dist-packages/gymnasium/spaces/box.py:297: UserWarning: [33mWARN: Box high's precision lowered by casting to float32, current high.dtype=float64[0m
  gym.logger.warn(
/usr/local/lib/python3.11/dist-packages/gymnasium/spaces/box.py:231: UserWarning: [33mWARN: Box low's precision lowered by casting to float32, current low.dtype=float64[0m
  gym.logger.warn(
/usr/local/lib/python3.11/dist-packages/gymnasium/spaces/box.py:297: UserWarning: [33mWARN: Box high's precision lowered by casting to float32, current high.dtype=float64[0m
  gym.logger.warn(
/usr/local/lib/python3.11/dist-packages/gymnasium/spaces/box.py:231: UserWarning: [33mWARN: Box low's precision lowered by casting to float32, current low.dtype=float64[0m
  gym.logger.warn(
/usr/local/lib/python3.11/dist-packages/gymnasium/spaces/box.py:297: UserWarning: [33mWARN: Box high's precision lowered by casting to float32, current high.dtype=float64[0m
  gym.logger.warn(
/usr/local/lib/python3.11/dist-packages/gymnasium/spaces/box.py:231: UserWarning: [33mWARN: Box low's precision lowered by casting to float32, current low.dtype=float64[0m
  gym.logger.warn(
/usr/local/lib/python3.11/dist-packages/gymnasium/spaces/box.py:297: UserWarning: [33mWARN: Box high's precision lowered by casting to float32, current high.dtype=float64[0m
  gym.logger.warn(
/usr/local/lib/python3.11/dist-packages/gymnasium/spaces/box.py:231: UserWarning: [33mWARN: Box low's precision lowered by casting to float32, current low.dtype=float64[0m
  gym.logger.warn(
/usr/local/lib/python3.11/dist-packages/gymnasium/spaces/box.py:297: UserWarning: [33mWARN: Box high's precision lowered by casting to float32, current high.dtype=float64[0m
  gym.logger.warn(
/usr/local/lib/python3.11/dist-packages/gymnasium/spaces/box.py:231: UserWarning: [33mWARN: Box low's precision lowered by casting to float32, current low.dtype=float64[0m
  gym.logger.warn(
/usr/local/lib/python3.11/dist-packages/gymnasium/spaces/box.py:297: UserWarning: [33mWARN: Box high's precision lowered by casting to float32, current high.dtype=float64[0m
  gym.logger.warn(
/usr/local/lib/python3.11/dist-packages/gymnasium/spaces/box.py:231: UserWarning: [33mWARN: Box low's precision lowered by casting to float32, current low.dtype=float64[0m
  gym.logger.warn(
/usr/local/lib/python3.11/dist-packages/gymnasium/spaces/box.py:297: UserWarning: [33mWARN: Box high's precision lowered by casting to float32, current high.dtype=float64[0m
  gym.logger.warn(
/usr/local/lib/python3.11/dist-packages/gymnasium/spaces/box.py:231: UserWarning: [33mWARN: Box low's precision lowered by casting to float32, current low.dtype=float64[0m
  gym.logger.warn(
/usr/local/lib/python3.11/dist-packages/gymnasium/spaces/box.py:297: UserWarning: [33mWARN: Box high's precision lowered by casting to float32, current high.dtype=float64[0m
  gym.logger.warn(
/usr/local/lib/python3.11/dist-packages/gymnasium/spaces/box.py:231: UserWarning: [33mWARN: Box low's precision lowered by casting to float32, current low.dtype=float64[0m
  gym.logger.warn(
/usr/local/lib/python3.11/dist-packages/gymnasium/spaces/box.py:297: UserWarning: [33mWARN: Box high's precision lowered by casting to float32, current high.dtype=float64[0m
  gym.logger.warn(
/usr/local/lib/python3.11/dist-packages/gymnasium/spaces/box.py:231: UserWarning: [33mWARN: Box low's precision lowered by casting to float32, current low.dtype=float64[0m
  gym.logger.warn(
/usr/local/lib/python3.11/dist-packages/gymnasium/spaces/box.py:297: UserWarning: [33mWARN: Box high's precision lowered by casting to float32, current high.dtype=float64[0m
  gym.logger.warn(
/usr/local/lib/python3.11/dist-packages/gymnasium/spaces/box.py:231: UserWarning: [33mWARN: Box low's precision lowered by casting to float32, current low.dtype=float64[0m
  gym.logger.warn(
/usr/local/lib/python3.11/dist-packages/gymnasium/spaces/box.py:297: UserWarning: [33mWARN: Box high's precision lowered by casting to float32, current high.dtype=float64[0m
  gym.logger.warn(
/usr/local/lib/python3.11/dist-packages/gymnasium/spaces/box.py:231: UserWarning: [33mWARN: Box low's precision lowered by casting to float32, current low.dtype=float64[0m
  gym.logger.warn(
/usr/local/lib/python3.11/dist-packages/gymnasium/spaces/box.py:297: UserWarning: [33mWARN: Box high's precision lowered by casting to float32, current high.dtype=float64[0m
  gym.logger.warn(
/usr/local/lib/python3.11/dist-packages/gymnasium/spaces/box.py:231: UserWarning: [33mWARN: Box low's precision lowered by casting to float32, current low.dtype=float64[0m
  gym.logger.warn(
/usr/local/lib/python3.11/dist-packages/gymnasium/spaces/box.py:297: UserWarning: [33mWARN: Box high's precision lowered by casting to float32, current high.dtype=float64[0m
  gym.logger.warn(
/usr/local/lib/python3.11/dist-packages/gymnasium/spaces/box.py:231: UserWarning: [33mWARN: Box low's precision lowered by casting to float32, current low.dtype=float64[0m
  gym.logger.warn(
/usr/local/lib/python3.11/dist-packages/gymnasium/spaces/box.py:297: UserWarning: [33mWARN: Box high's precision lowered by casting to float32, current high.dtype=float64[0m
  gym.logger.warn(
/usr/local/lib/python3.11/dist-packages/gymnasium/spaces/box.py:231: UserWarning: [33mWARN: Box low's precision lowered by casting to float32, current low.dtype=float64[0m
  gym.logger.warn(
/usr/local/lib/python3.11/dist-packages/gymnasium/spaces/box.py:297: UserWarning: [33mWARN: Box high's precision lowered by casting to float32, current high.dtype=float64[0m
  gym.logger.warn(
/usr/local/lib/python3.11/dist-packages/gymnasium/spaces/box.py:231: UserWarning: [33mWARN: Box low's precision lowered by casting to float32, current low.dtype=float64[0m
  gym.logger.warn(
/usr/local/lib/python3.11/dist-packages/gymnasium/spaces/box.py:297: UserWarning: [33mWARN: Box high's precision lowered by casting to float32, current high.dtype=float64[0m
  gym.logger.warn(
/usr/local/lib/python3.11/dist-packages/gymnasium/spaces/box.py:231: UserWarning: [33mWARN: Box low's precision lowered by casting to float32, current low.dtype=float64[0m
  gym.logger.warn(
/usr/local/lib/python3.11/dist-packages/gymnasium/spaces/box.py:297: UserWarning: [33mWARN: Box high's precision lowered by casting to float32, current high.dtype=float64[0m
  gym.logger.warn(
/usr/local/lib/python3.11/dist-packages/gymnasium/spaces/box.py:231: UserWarning: [33mWARN: Box low's precision lowered by casting to float32, current low.dtype=float64[0m
  gym.logger.warn(
/usr/local/lib/python3.11/dist-packages/gymnasium/spaces/box.py:297: UserWarning: [33mWARN: Box high's precision lowered by casting to float32, current high.dtype=float64[0m
  gym.logger.warn(
/usr/local/lib/python3.11/dist-packages/gymnasium/spaces/box.py:231: UserWarning: [33mWARN: Box low's precision lowered by casting to float32, current low.dtype=float64[0m
  gym.logger.warn(
/usr/local/lib/python3.11/dist-packages/gymnasium/spaces/box.py:297: UserWarning: [33mWARN: Box high's precision lowered by casting to float32, current high.dtype=float64[0m
  gym.logger.warn(
/usr/local/lib/python3.11/dist-packages/gymnasium/spaces/box.py:231: UserWarning: [33mWARN: Box low's precision lowered by casting to float32, current low.dtype=float64[0m
  gym.logger.warn(
/usr/local/lib/python3.11/dist-packages/gymnasium/spaces/box.py:297: UserWarning: [33mWARN: Box high's precision lowered by casting to float32, current high.dtype=float64[0m
  gym.logger.warn(
/usr/local/lib/python3.11/dist-packages/gymnasium/spaces/box.py:231: UserWarning: [33mWARN: Box low's precision lowered by casting to float32, current low.dtype=float64[0m
  gym.logger.warn(
/usr/local/lib/python3.11/dist-packages/gymnasium/spaces/box.py:297: UserWarning: [33mWARN: Box high's precision lowered by casting to float32, current high.dtype=float64[0m
  gym.logger.warn(
/usr/local/lib/python3.11/dist-packages/gymnasium/spaces/box.py:231: UserWarning: [33mWARN: Box low's precision lowered by casting to float32, current low.dtype=float64[0m
  gym.logger.warn(
/usr/local/lib/python3.11/dist-packages/gymnasium/spaces/box.py:297: UserWarning: [33mWARN: Box high's precision lowered by casting to float32, current high.dtype=float64[0m
  gym.logger.warn(
/usr/local/lib/python3.11/dist-packages/gymnasium/spaces/box.py:231: UserWarning: [33mWARN: Box low's precision lowered by casting to float32, current low.dtype=float64[0m
  gym.logger.warn(
/usr/local/lib/python3.11/dist-packages/gymnasium/spaces/box.py:297: UserWarning: [33mWARN: Box high's precision lowered by casting to float32, current high.dtype=float64[0m
  gym.logger.warn(
/usr/local/lib/python3.11/dist-packages/gymnasium/spaces/box.py:231: UserWarning: [33mWARN: Box low's precision lowered by casting to float32, current low.dtype=float64[0m
  gym.logger.warn(
/usr/local/lib/python3.11/dist-packages/gymnasium/spaces/box.py:297: UserWarning: [33mWARN: Box high's precision lowered by casting to float32, current high.dtype=float64[0m
  gym.logger.warn(
/usr/local/lib/python3.11/dist-packages/gymnasium/spaces/box.py:231: UserWarning: [33mWARN: Box low's precision lowered by casting to float32, current low.dtype=float64[0m
  gym.logger.warn(
/usr/local/lib/python3.11/dist-packages/gymnasium/spaces/box.py:297: UserWarning: [33mWARN: Box high's precision lowered by casting to float32, current high.dtype=float64[0m
  gym.logger.warn(
/usr/local/lib/python3.11/dist-packages/gymnasium/spaces/box.py:231: UserWarning: [33mWARN: Box low's precision lowered by casting to float32, current low.dtype=float64[0m
  gym.logger.warn(
/usr/local/lib/python3.11/dist-packages/gymnasium/spaces/box.py:297: UserWarning: [33mWARN: Box high's precision lowered by casting to float32, current high.dtype=float64[0m
  gym.logger.warn(
/usr/local/lib/python3.11/dist-packages/gymnasium/spaces/box.py:231: UserWarning: [33mWARN: Box low's precision lowered by casting to float32, current low.dtype=float64[0m
  gym.logger.warn(
/usr/local/lib/python3.11/dist-packages/gymnasium/spaces/box.py:297: UserWarning: [33mWARN: Box high's precision lowered by casting to float32, current high.dtype=float64[0m
  gym.logger.warn(
/usr/local/lib/python3.11/dist-packages/gymnasium/spaces/box.py:231: UserWarning: [33mWARN: Box low's precision lowered by casting to float32, current low.dtype=float64[0m
  gym.logger.warn(
/usr/local/lib/python3.11/dist-packages/gymnasium/spaces/box.py:297: UserWarning: [33mWARN: Box high's precision lowered by casting to float32, current high.dtype=float64[0m
  gym.logger.warn(
/usr/local/lib/python3.11/dist-packages/gymnasium/spaces/box.py:231: UserWarning: [33mWARN: Box low's precision lowered by casting to float32, current low.dtype=float64[0m
  gym.logger.warn(
/usr/local/lib/python3.11/dist-packages/gymnasium/spaces/box.py:297: UserWarning: [33mWARN: Box high's precision lowered by casting to float32, current high.dtype=float64[0m
  gym.logger.warn(
/usr/local/lib/python3.11/dist-packages/gymnasium/spaces/box.py:231: UserWarning: [33mWARN: Box low's precision lowered by casting to float32, current low.dtype=float64[0m
  gym.logger.warn(
/usr/local/lib/python3.11/dist-packages/gymnasium/spaces/box.py:297: UserWarning: [33mWARN: Box high's precision lowered by casting to float32, current high.dtype=float64[0m
  gym.logger.warn(
/usr/local/lib/python3.11/dist-packages/gymnasium/spaces/box.py:231: UserWarning: [33mWARN: Box low's precision lowered by casting to float32, current low.dtype=float64[0m
  gym.logger.warn(
/usr/local/lib/python3.11/dist-packages/gymnasium/spaces/box.py:297: UserWarning: [33mWARN: Box high's precision lowered by casting to float32, current high.dtype=float64[0m
  gym.logger.warn(
/usr/local/lib/python3.11/dist-packages/gymnasium/spaces/box.py:231: UserWarning: [33mWARN: Box low's precision lowered by casting to float32, current low.dtype=float64[0m
  gym.logger.warn(
/usr/local/lib/python3.11/dist-packages/gymnasium/spaces/box.py:297: UserWarning: [33mWARN: Box high's precision lowered by casting to float32, current high.dtype=float64[0m
  gym.logger.warn(
/usr/local/lib/python3.11/dist-packages/gymnasium/spaces/box.py:231: UserWarning: [33mWARN: Box low's precision lowered by casting to float32, current low.dtype=float64[0m
  gym.logger.warn(
/usr/local/lib/python3.11/dist-packages/gymnasium/spaces/box.py:297: UserWarning: [33mWARN: Box high's precision lowered by casting to float32, current high.dtype=float64[0m
  gym.logger.warn(
/usr/local/lib/python3.11/dist-packages/gymnasium/spaces/box.py:231: UserWarning: [33mWARN: Box low's precision lowered by casting to float32, current low.dtype=float64[0m
  gym.logger.warn(
/usr/local/lib/python3.11/dist-packages/gymnasium/spaces/box.py:297: UserWarning: [33mWARN: Box high's precision lowered by casting to float32, current high.dtype=float64[0m
  gym.logger.warn(
/usr/local/lib/python3.11/dist-packages/gymnasium/spaces/box.py:231: UserWarning: [33mWARN: Box low's precision lowered by casting to float32, current low.dtype=float64[0m
  gym.logger.warn(
/usr/local/lib/python3.11/dist-packages/gymnasium/spaces/box.py:297: UserWarning: [33mWARN: Box high's precision lowered by casting to float32, current high.dtype=float64[0m
  gym.logger.warn(
/usr/local/lib/python3.11/dist-packages/gymnasium/spaces/box.py:231: UserWarning: [33mWARN: Box low's precision lowered by casting to float32, current low.dtype=float64[0m
  gym.logger.warn(
/usr/local/lib/python3.11/dist-packages/gymnasium/spaces/box.py:297: UserWarning: [33mWARN: Box high's precision lowered by casting to float32, current high.dtype=float64[0m
  gym.logger.warn(
/usr/local/lib/python3.11/dist-packages/gymnasium/spaces/box.py:231: UserWarning: [33mWARN: Box low's precision lowered by casting to float32, current low.dtype=float64[0m
  gym.logger.warn(
/usr/local/lib/python3.11/dist-packages/gymnasium/spaces/box.py:297: UserWarning: [33mWARN: Box high's precision lowered by casting to float32, current high.dtype=float64[0m
  gym.logger.warn(
/usr/local/lib/python3.11/dist-packages/gymnasium/spaces/box.py:231: UserWarning: [33mWARN: Box low's precision lowered by casting to float32, current low.dtype=float64[0m
  gym.logger.warn(
/usr/local/lib/python3.11/dist-packages/gymnasium/spaces/box.py:297: UserWarning: [33mWARN: Box high's precision lowered by casting to float32, current high.dtype=float64[0m
  gym.logger.warn(
/usr/local/lib/python3.11/dist-packages/gymnasium/spaces/box.py:231: UserWarning: [33mWARN: Box low's precision lowered by casting to float32, current low.dtype=float64[0m
  gym.logger.warn(
/usr/local/lib/python3.11/dist-packages/gymnasium/spaces/box.py:297: UserWarning: [33mWARN: Box high's precision lowered by casting to float32, current high.dtype=float64[0m
  gym.logger.warn(
/usr/local/lib/python3.11/dist-packages/gymnasium/spaces/box.py:231: UserWarning: [33mWARN: Box low's precision lowered by casting to float32, current low.dtype=float64[0m
  gym.logger.warn(
/usr/local/lib/python3.11/dist-packages/gymnasium/spaces/box.py:297: UserWarning: [33mWARN: Box high's precision lowered by casting to float32, current high.dtype=float64[0m
  gym.logger.warn(
/usr/local/lib/python3.11/dist-packages/gymnasium/spaces/box.py:231: UserWarning: [33mWARN: Box low's precision lowered by casting to float32, current low.dtype=float64[0m
  gym.logger.warn(
/usr/local/lib/python3.11/dist-packages/gymnasium/spaces/box.py:297: UserWarning: [33mWARN: Box high's precision lowered by casting to float32, current high.dtype=float64[0m
  gym.logger.warn(
/usr/local/lib/python3.11/dist-packages/gymnasium/spaces/box.py:231: UserWarning: [33mWARN: Box low's precision lowered by casting to float32, current low.dtype=float64[0m
  gym.logger.warn(
/usr/local/lib/python3.11/dist-packages/gymnasium/spaces/box.py:297: UserWarning: [33mWARN: Box high's precision lowered by casting to float32, current high.dtype=float64[0m
  gym.logger.warn(
/usr/local/lib/python3.11/dist-packages/gymnasium/spaces/box.py:231: UserWarning: [33mWARN: Box low's precision lowered by casting to float32, current low.dtype=float64[0m
  gym.logger.warn(
/usr/local/lib/python3.11/dist-packages/gymnasium/spaces/box.py:297: UserWarning: [33mWARN: Box high's precision lowered by casting to float32, current high.dtype=float64[0m
  gym.logger.warn(
/usr/local/lib/python3.11/dist-packages/gymnasium/spaces/box.py:231: UserWarning: [33mWARN: Box low's precision lowered by casting to float32, current low.dtype=float64[0m
  gym.logger.warn(
/usr/local/lib/python3.11/dist-packages/gymnasium/spaces/box.py:297: UserWarning: [33mWARN: Box high's precision lowered by casting to float32, current high.dtype=float64[0m
  gym.logger.warn(
/usr/local/lib/python3.11/dist-packages/gymnasium/spaces/box.py:231: UserWarning: [33mWARN: Box low's precision lowered by casting to float32, current low.dtype=float64[0m
  gym.logger.warn(
/usr/local/lib/python3.11/dist-packages/gymnasium/spaces/box.py:297: UserWarning: [33mWARN: Box high's precision lowered by casting to float32, current high.dtype=float64[0m
  gym.logger.warn(
/usr/local/lib/python3.11/dist-packages/gymnasium/spaces/box.py:231: UserWarning: [33mWARN: Box low's precision lowered by casting to float32, current low.dtype=float64[0m
  gym.logger.warn(
/usr/local/lib/python3.11/dist-packages/gymnasium/spaces/box.py:297: UserWarning: [33mWARN: Box high's precision lowered by casting to float32, current high.dtype=float64[0m
  gym.logger.warn(
/usr/local/lib/python3.11/dist-packages/gymnasium/spaces/box.py:231: UserWarning: [33mWARN: Box low's precision lowered by casting to float32, current low.dtype=float64[0m
  gym.logger.warn(
/usr/local/lib/python3.11/dist-packages/gymnasium/spaces/box.py:297: UserWarning: [33mWARN: Box high's precision lowered by casting to float32, current high.dtype=float64[0m
  gym.logger.warn(
/usr/local/lib/python3.11/dist-packages/gymnasium/spaces/box.py:231: UserWarning: [33mWARN: Box low's precision lowered by casting to float32, current low.dtype=float64[0m
  gym.logger.warn(
/usr/local/lib/python3.11/dist-packages/gymnasium/spaces/box.py:297: UserWarning: [33mWARN: Box high's precision lowered by casting to float32, current high.dtype=float64[0m
  gym.logger.warn(
/usr/local/lib/python3.11/dist-packages/gymnasium/spaces/box.py:231: UserWarning: [33mWARN: Box low's precision lowered by casting to float32, current low.dtype=float64[0m
  gym.logger.warn(
/usr/local/lib/python3.11/dist-packages/gymnasium/spaces/box.py:297: UserWarning: [33mWARN: Box high's precision lowered by casting to float32, current high.dtype=float64[0m
  gym.logger.warn(
/usr/local/lib/python3.11/dist-packages/gymnasium/spaces/box.py:231: UserWarning: [33mWARN: Box low's precision lowered by casting to float32, current low.dtype=float64[0m
  gym.logger.warn(
/usr/local/lib/python3.11/dist-packages/gymnasium/spaces/box.py:297: UserWarning: [33mWARN: Box high's precision lowered by casting to float32, current high.dtype=float64[0m
  gym.logger.warn(
/usr/local/lib/python3.11/dist-packages/gymnasium/spaces/box.py:231: UserWarning: [33mWARN: Box low's precision lowered by casting to float32, current low.dtype=float64[0m
  gym.logger.warn(
/usr/local/lib/python3.11/dist-packages/gymnasium/spaces/box.py:297: UserWarning: [33mWARN: Box high's precision lowered by casting to float32, current high.dtype=float64[0m
  gym.logger.warn(
/usr/local/lib/python3.11/dist-packages/gymnasium/spaces/box.py:231: UserWarning: [33mWARN: Box low's precision lowered by casting to float32, current low.dtype=float64[0m
  gym.logger.warn(
/usr/local/lib/python3.11/dist-packages/gymnasium/spaces/box.py:297: UserWarning: [33mWARN: Box high's precision lowered by casting to float32, current high.dtype=float64[0m
  gym.logger.warn(
/usr/local/lib/python3.11/dist-packages/gymnasium/spaces/box.py:231: UserWarning: [33mWARN: Box low's precision lowered by casting to float32, current low.dtype=float64[0m
  gym.logger.warn(
/usr/local/lib/python3.11/dist-packages/gymnasium/spaces/box.py:297: UserWarning: [33mWARN: Box high's precision lowered by casting to float32, current high.dtype=float64[0m
  gym.logger.warn(
/usr/local/lib/python3.11/dist-packages/gymnasium/spaces/box.py:231: UserWarning: [33mWARN: Box low's precision lowered by casting to float32, current low.dtype=float64[0m
  gym.logger.warn(
/usr/local/lib/python3.11/dist-packages/gymnasium/spaces/box.py:297: UserWarning: [33mWARN: Box high's precision lowered by casting to float32, current high.dtype=float64[0m
  gym.logger.warn(
/usr/local/lib/python3.11/dist-packages/gymnasium/spaces/box.py:231: UserWarning: [33mWARN: Box low's precision lowered by casting to float32, current low.dtype=float64[0m
  gym.logger.warn(
/usr/local/lib/python3.11/dist-packages/gymnasium/spaces/box.py:297: UserWarning: [33mWARN: Box high's precision lowered by casting to float32, current high.dtype=float64[0m
  gym.logger.warn(
/usr/local/lib/python3.11/dist-packages/gymnasium/spaces/box.py:231: UserWarning: [33mWARN: Box low's precision lowered by casting to float32, current low.dtype=float64[0m
  gym.logger.warn(
/usr/local/lib/python3.11/dist-packages/gymnasium/spaces/box.py:297: UserWarning: [33mWARN: Box high's precision lowered by casting to float32, current high.dtype=float64[0m
  gym.logger.warn(
/usr/local/lib/python3.11/dist-packages/gymnasium/spaces/box.py:231: UserWarning: [33mWARN: Box low's precision lowered by casting to float32, current low.dtype=float64[0m
  gym.logger.warn(
/usr/local/lib/python3.11/dist-packages/gymnasium/spaces/box.py:297: UserWarning: [33mWARN: Box high's precision lowered by casting to float32, current high.dtype=float64[0m
  gym.logger.warn(
/usr/local/lib/python3.11/dist-packages/gymnasium/spaces/box.py:231: UserWarning: [33mWARN: Box low's precision lowered by casting to float32, current low.dtype=float64[0m
  gym.logger.warn(
/usr/local/lib/python3.11/dist-packages/gymnasium/spaces/box.py:297: UserWarning: [33mWARN: Box high's precision lowered by casting to float32, current high.dtype=float64[0m
  gym.logger.warn(
/usr/local/lib/python3.11/dist-packages/gymnasium/spaces/box.py:231: UserWarning: [33mWARN: Box low's precision lowered by casting to float32, current low.dtype=float64[0m
  gym.logger.warn(
/usr/local/lib/python3.11/dist-packages/gymnasium/spaces/box.py:297: UserWarning: [33mWARN: Box high's precision lowered by casting to float32, current high.dtype=float64[0m
  gym.logger.warn(
/usr/local/lib/python3.11/dist-packages/gymnasium/spaces/box.py:231: UserWarning: [33mWARN: Box low's precision lowered by casting to float32, current low.dtype=float64[0m
  gym.logger.warn(
/usr/local/lib/python3.11/dist-packages/gymnasium/spaces/box.py:297: UserWarning: [33mWARN: Box high's precision lowered by casting to float32, current high.dtype=float64[0m
  gym.logger.warn(
/usr/local/lib/python3.11/dist-packages/gymnasium/spaces/box.py:231: UserWarning: [33mWARN: Box low's precision lowered by casting to float32, current low.dtype=float64[0m
  gym.logger.warn(
/usr/local/lib/python3.11/dist-packages/gymnasium/spaces/box.py:297: UserWarning: [33mWARN: Box high's precision lowered by casting to float32, current high.dtype=float64[0m
  gym.logger.warn(
/usr/local/lib/python3.11/dist-packages/gymnasium/spaces/box.py:231: UserWarning: [33mWARN: Box low's precision lowered by casting to float32, current low.dtype=float64[0m
  gym.logger.warn(
/usr/local/lib/python3.11/dist-packages/gymnasium/spaces/box.py:297: UserWarning: [33mWARN: Box high's precision lowered by casting to float32, current high.dtype=float64[0m
  gym.logger.warn(
/usr/local/lib/python3.11/dist-packages/gymnasium/spaces/box.py:231: UserWarning: [33mWARN: Box low's precision lowered by casting to float32, current low.dtype=float64[0m
  gym.logger.warn(
/usr/local/lib/python3.11/dist-packages/gymnasium/spaces/box.py:297: UserWarning: [33mWARN: Box high's precision lowered by casting to float32, current high.dtype=float64[0m
  gym.logger.warn(
/usr/local/lib/python3.11/dist-packages/gymnasium/spaces/box.py:231: UserWarning: [33mWARN: Box low's precision lowered by casting to float32, current low.dtype=float64[0m
  gym.logger.warn(
/usr/local/lib/python3.11/dist-packages/gymnasium/spaces/box.py:297: UserWarning: [33mWARN: Box high's precision lowered by casting to float32, current high.dtype=float64[0m
  gym.logger.warn(
/usr/local/lib/python3.11/dist-packages/gymnasium/spaces/box.py:231: UserWarning: [33mWARN: Box low's precision lowered by casting to float32, current low.dtype=float64[0m
  gym.logger.warn(
/usr/local/lib/python3.11/dist-packages/gymnasium/spaces/box.py:297: UserWarning: [33mWARN: Box high's precision lowered by casting to float32, current high.dtype=float64[0m
  gym.logger.warn(
/usr/local/lib/python3.11/dist-packages/gymnasium/spaces/box.py:231: UserWarning: [33mWARN: Box low's precision lowered by casting to float32, current low.dtype=float64[0m
  gym.logger.warn(
/usr/local/lib/python3.11/dist-packages/gymnasium/spaces/box.py:297: UserWarning: [33mWARN: Box high's precision lowered by casting to float32, current high.dtype=float64[0m
  gym.logger.warn(
/usr/local/lib/python3.11/dist-packages/gymnasium/spaces/box.py:231: UserWarning: [33mWARN: Box low's precision lowered by casting to float32, current low.dtype=float64[0m
  gym.logger.warn(
/usr/local/lib/python3.11/dist-packages/gymnasium/spaces/box.py:297: UserWarning: [33mWARN: Box high's precision lowered by casting to float32, current high.dtype=float64[0m
  gym.logger.warn(
/usr/local/lib/python3.11/dist-packages/gymnasium/spaces/box.py:231: UserWarning: [33mWARN: Box low's precision lowered by casting to float32, current low.dtype=float64[0m
  gym.logger.warn(
/usr/local/lib/python3.11/dist-packages/gymnasium/spaces/box.py:297: UserWarning: [33mWARN: Box high's precision lowered by casting to float32, current high.dtype=float64[0m
  gym.logger.warn(
/usr/local/lib/python3.11/dist-packages/gymnasium/spaces/box.py:231: UserWarning: [33mWARN: Box low's precision lowered by casting to float32, current low.dtype=float64[0m
  gym.logger.warn(
/usr/local/lib/python3.11/dist-packages/gymnasium/spaces/box.py:297: UserWarning: [33mWARN: Box high's precision lowered by casting to float32, current high.dtype=float64[0m
  gym.logger.warn(
/usr/local/lib/python3.11/dist-packages/gymnasium/spaces/box.py:231: UserWarning: [33mWARN: Box low's precision lowered by casting to float32, current low.dtype=float64[0m
  gym.logger.warn(
/usr/local/lib/python3.11/dist-packages/gymnasium/spaces/box.py:297: UserWarning: [33mWARN: Box high's precision lowered by casting to float32, current high.dtype=float64[0m
  gym.logger.warn(
/usr/local/lib/python3.11/dist-packages/gymnasium/spaces/box.py:231: UserWarning: [33mWARN: Box low's precision lowered by casting to float32, current low.dtype=float64[0m
  gym.logger.warn(
/usr/local/lib/python3.11/dist-packages/gymnasium/spaces/box.py:297: UserWarning: [33mWARN: Box high's precision lowered by casting to float32, current high.dtype=float64[0m
  gym.logger.warn(
/usr/local/lib/python3.11/dist-packages/lance/__init__.py:322: UserWarning: lance is not fork-safe. If you are using multiprocessing, use spawn or forkserver instead.
  warnings.warn(
/usr/lib/python3.11/subprocess.py:1885: RuntimeWarning: lancedb fork support is experimental: the internal async runtime has been reset in the forked child, but a small chance of deadlock remains if other state was mid-operation at fork time. The 'forkserver' or 'spawn' multiprocessing start method is likely a safer alternative.
  self.pid = _fork_exec(
/usr/lib/python3.11/subprocess.py:1885: RuntimeWarning: lancedb fork support is experimental: the internal async runtime has been reset in the forked child, but a small chance of deadlock remains if other state was mid-operation at fork time. The 'forkserver' or 'spawn' multiprocessing start method is likely a safer alternative.
  self.pid = _fork_exec(
/usr/lib/python3.11/subprocess.py:1885: RuntimeWarning: lancedb fork support is experimental: the internal async runtime has been reset in the forked child, but a small chance of deadlock remains if other state was mid-operation at fork time. The 'forkserver' or 'spawn' multiprocessing start method is likely a safer alternative.
  self.pid = _fork_exec(
/usr/lib/python3.11/subprocess.py:1885: RuntimeWarning: lancedb fork support is experimental: the internal async runtime has been reset in the forked child, but a small chance of deadlock remains if other state was mid-operation at fork time. The 'forkserver' or 'spawn' multiprocessing start method is likely a safer alternative.
  self.pid = _fork_exec(
/usr/lib/python3.11/subprocess.py:1885: RuntimeWarning: lancedb fork support is experimental: the internal async runtime has been reset in the forked child, but a small chance of deadlock remains if other state was mid-operation at fork time. The 'forkserver' or 'spawn' multiprocessing start method is likely a safer alternative.
  self.pid = _fork_exec(
/usr/lib/python3.11/subprocess.py:1885: RuntimeWarning: lancedb fork support is experimental: the internal async runtime has been reset in the forked child, but a small chance of deadlock remains if other state was mid-operation at fork time. The 'forkserver' or 'spawn' multiprocessing start method is likely a safer alternative.
  self.pid = _fork_exec(
/usr/lib/python3.11/subprocess.py:1885: RuntimeWarning: lancedb fork support is experimental: the internal async runtime has been reset in the forked child, but a small chance of deadlock remains if other state was mid-operation at fork time. The 'forkserver' or 'spawn' multiprocessing start method is likely a safer alternative.
  self.pid = _fork_exec(
/usr/lib/python3.11/subprocess.py:1885: RuntimeWarning: lancedb fork support is experimental: the internal async runtime has been reset in the forked child, but a small chance of deadlock remains if other state was mid-operation at fork time. The 'forkserver' or 'spawn' multiprocessing start method is likely a safer alternative.
  self.pid = _fork_exec(
/usr/lib/python3.11/subprocess.py:1885: RuntimeWarning: lancedb fork support is experimental: the internal async runtime has been reset in the forked child, but a small chance of deadlock remains if other state was mid-operation at fork time. The 'forkserver' or 'spawn' multiprocessing start method is likely a safer alternative.
  self.pid = _fork_exec(
/usr/lib/python3.11/subprocess.py:1885: RuntimeWarning: lancedb fork support is experimental: the internal async runtime has been reset in the forked child, but a small chance of deadlock remains if other state was mid-operation at fork time. The 'forkserver' or 'spawn' multiprocessing start method is likely a safer alternative.
  self.pid = _fork_exec(
/usr/lib/python3.11/subprocess.py:1885: RuntimeWarning: lancedb fork support is experimental: the internal async runtime has been reset in the forked child, but a small chance of deadlock remains if other state was mid-operation at fork time. The 'forkserver' or 'spawn' multiprocessing start method is likely a safer alternative.
  self.pid = _fork_exec(
/usr/lib/python3.11/subprocess.py:1885: RuntimeWarning: lancedb fork support is experimental: the internal async runtime has been reset in the forked child, but a small chance of deadlock remains if other state was mid-operation at fork time. The 'forkserver' or 'spawn' multiprocessing start method is likely a safer alternative.
  self.pid = _fork_exec(
/usr/lib/python3.11/subprocess.py:1885: RuntimeWarning: lancedb fork support is experimental: the internal async runtime has been reset in the forked child, but a small chance of deadlock remains if other state was mid-operation at fork time. The 'forkserver' or 'spawn' multiprocessing start method is likely a safer alternative.
  self.pid = _fork_exec(
/usr/lib/python3.11/subprocess.py:1885: RuntimeWarning: lancedb fork support is experimental: the internal async runtime has been reset in the forked child, but a small chance of deadlock remains if other state was mid-operation at fork time. The 'forkserver' or 'spawn' multiprocessing start method is likely a safer alternative.
  self.pid = _fork_exec(
/usr/lib/python3.11/subprocess.py:1885: RuntimeWarning: lancedb fork support is experimental: the internal async runtime has been reset in the forked child, but a small chance of deadlock remains if other state was mid-operation at fork time. The 'forkserver' or 'spawn' multiprocessing start method is likely a safer alternative.
  self.pid = _fork_exec(
/usr/lib/python3.11/subprocess.py:1885: RuntimeWarning: lancedb fork support is experimental: the internal async runtime has been reset in the forked child, but a small chance of deadlock remains if other state was mid-operation at fork time. The 'forkserver' or 'spawn' multiprocessing start method is likely a safer alternative.
  self.pid = _fork_exec(
/usr/lib/python3.11/subprocess.py:1885: RuntimeWarning: lancedb fork support is experimental: the internal async runtime has been reset in the forked child, but a small chance of deadlock remains if other state was mid-operation at fork time. The 'forkserver' or 'spawn' multiprocessing start method is likely a safer alternative.
  self.pid = _fork_exec(
/usr/lib/python3.11/subprocess.py:1885: RuntimeWarning: lancedb fork support is experimental: the internal async runtime has been reset in the forked child, but a small chance of deadlock remains if other state was mid-operation at fork time. The 'forkserver' or 'spawn' multiprocessing start method is likely a safer alternative.
  self.pid = _fork_exec(
/usr/lib/python3.11/subprocess.py:1885: RuntimeWarning: lancedb fork support is experimental: the internal async runtime has been reset in the forked child, but a small chance of deadlock remains if other state was mid-operation at fork time. The 'forkserver' or 'spawn' multiprocessing start method is likely a safer alternative.
  self.pid = _fork_exec(
/usr/lib/python3.11/subprocess.py:1885: RuntimeWarning: lancedb fork support is experimental: the internal async runtime has been reset in the forked child, but a small chance of deadlock remains if other state was mid-operation at fork time. The 'forkserver' or 'spawn' multiprocessing start method is likely a safer alternative.
  self.pid = _fork_exec(
/usr/lib/python3.11/subprocess.py:1885: RuntimeWarning: lancedb fork support is experimental: the internal async runtime has been reset in the forked child, but a small chance of deadlock remains if other state was mid-operation at fork time. The 'forkserver' or 'spawn' multiprocessing start method is likely a safer alternative.
  self.pid = _fork_exec(
/usr/lib/python3.11/subprocess.py:1885: RuntimeWarning: lancedb fork support is experimental: the internal async runtime has been reset in the forked child, but a small chance of deadlock remains if other state was mid-operation at fork time. The 'forkserver' or 'spawn' multiprocessing start method is likely a safer alternative.
  self.pid = _fork_exec(
/usr/lib/python3.11/subprocess.py:1885: RuntimeWarning: lancedb fork support is experimental: the internal async runtime has been reset in the forked child, but a small chance of deadlock remains if other state was mid-operation at fork time. The 'forkserver' or 'spawn' multiprocessing start method is likely a safer alternative.
  self.pid = _fork_exec(
/usr/lib/python3.11/subprocess.py:1885: RuntimeWarning: lancedb fork support is experimental: the internal async runtime has been reset in the forked child, but a small chance of deadlock remains if other state was mid-operation at fork time. The 'forkserver' or 'spawn' multiprocessing start method is likely a safer alternative.
  self.pid = _fork_exec(
/usr/lib/python3.11/subprocess.py:1885: RuntimeWarning: lancedb fork support is experimental: the internal async runtime has been reset in the forked child, but a small chance of deadlock remains if other state was mid-operation at fork time. The 'forkserver' or 'spawn' multiprocessing start method is likely a safer alternative.
  self.pid = _fork_exec(
/usr/lib/python3.11/subprocess.py:1885: RuntimeWarning: lancedb fork support is experimental: the internal async runtime has been reset in the forked child, but a small chance of deadlock remains if other state was mid-operation at fork time. The 'forkserver' or 'spawn' multiprocessing start method is likely a safer alternative.
  self.pid = _fork_exec(
/usr/lib/python3.11/subprocess.py:1885: RuntimeWarning: lancedb fork support is experimental: the internal async runtime has been reset in the forked child, but a small chance of deadlock remains if other state was mid-operation at fork time. The 'forkserver' or 'spawn' multiprocessing start method is likely a safer alternative.
  self.pid = _fork_exec(
/usr/lib/python3.11/subprocess.py:1885: RuntimeWarning: lancedb fork support is experimental: the internal async runtime has been reset in the forked child, but a small chance of deadlock remains if other state was mid-operation at fork time. The 'forkserver' or 'spawn' multiprocessing start method is likely a safer alternative.
  self.pid = _fork_exec(
/usr/lib/python3.11/subprocess.py:1885: RuntimeWarning: lancedb fork support is experimental: the internal async runtime has been reset in the forked child, but a small chance of deadlock remains if other state was mid-operation at fork time. The 'forkserver' or 'spawn' multiprocessing start method is likely a safer alternative.
  self.pid = _fork_exec(
/usr/lib/python3.11/subprocess.py:1885: RuntimeWarning: lancedb fork support is experimental: the internal async runtime has been reset in the forked child, but a small chance of deadlock remains if other state was mid-operation at fork time. The 'forkserver' or 'spawn' multiprocessing start method is likely a safer alternative.
  self.pid = _fork_exec(
/usr/lib/python3.11/subprocess.py:1885: RuntimeWarning: lancedb fork support is experimental: the internal async runtime has been reset in the forked child, but a small chance of deadlock remains if other state was mid-operation at fork time. The 'forkserver' or 'spawn' multiprocessing start method is likely a safer alternative.
  self.pid = _fork_exec(
/usr/lib/python3.11/subprocess.py:1885: RuntimeWarning: lancedb fork support is experimental: the internal async runtime has been reset in the forked child, but a small chance of deadlock remains if other state was mid-operation at fork time. The 'forkserver' or 'spawn' multiprocessing start method is likely a safer alternative.
  self.pid = _fork_exec(
/usr/lib/python3.11/subprocess.py:1885: RuntimeWarning: lancedb fork support is experimental: the internal async runtime has been reset in the forked child, but a small chance of deadlock remains if other state was mid-operation at fork time. The 'forkserver' or 'spawn' multiprocessing start method is likely a safer alternative.
  self.pid = _fork_exec(
/usr/lib/python3.11/subprocess.py:1885: RuntimeWarning: lancedb fork support is experimental: the internal async runtime has been reset in the forked child, but a small chance of deadlock remains if other state was mid-operation at fork time. The 'forkserver' or 'spawn' multiprocessing start method is likely a safer alternative.
  self.pid = _fork_exec(
/usr/lib/python3.11/subprocess.py:1885: RuntimeWarning: lancedb fork support is experimental: the internal async runtime has been reset in the forked child, but a small chance of deadlock remains if other state was mid-operation at fork time. The 'forkserver' or 'spawn' multiprocessing start method is likely a safer alternative.
  self.pid = _fork_exec(
/usr/lib/python3.11/subprocess.py:1885: RuntimeWarning: lancedb fork support is experimental: the internal async runtime has been reset in the forked child, but a small chance of deadlock remains if other state was mid-operation at fork time. The 'forkserver' or 'spawn' multiprocessing start method is likely a safer alternative.
  self.pid = _fork_exec(
/usr/lib/python3.11/subprocess.py:1885: RuntimeWarning: lancedb fork support is experimental: the internal async runtime has been reset in the forked child, but a small chance of deadlock remains if other state was mid-operation at fork time. The 'forkserver' or 'spawn' multiprocessing start method is likely a safer alternative.
  self.pid = _fork_exec(
/usr/lib/python3.11/subprocess.py:1885: RuntimeWarning: lancedb fork support is experimental: the internal async runtime has been reset in the forked child, but a small chance of deadlock remains if other state was mid-operation at fork time. The 'forkserver' or 'spawn' multiprocessing start method is likely a safer alternative.
  self.pid = _fork_exec(
/usr/lib/python3.11/subprocess.py:1885: RuntimeWarning: lancedb fork support is experimental: the internal async runtime has been reset in the forked child, but a small chance of deadlock remains if other state was mid-operation at fork time. The 'forkserver' or 'spawn' multiprocessing start method is likely a safer alternative.
  self.pid = _fork_exec(
/usr/lib/python3.11/subprocess.py:1885: RuntimeWarning: lancedb fork support is experimental: the internal async runtime has been reset in the forked child, but a small chance of deadlock remains if other state was mid-operation at fork time. The 'forkserver' or 'spawn' multiprocessing start method is likely a safer alternative.
  self.pid = _fork_exec(
/usr/lib/python3.11/subprocess.py:1885: RuntimeWarning: lancedb fork support is experimental: the internal async runtime has been reset in the forked child, but a small chance of deadlock remains if other state was mid-operation at fork time. The 'forkserver' or 'spawn' multiprocessing start method is likely a safer alternative.
  self.pid = _fork_exec(
/usr/lib/python3.11/subprocess.py:1885: RuntimeWarning: lancedb fork support is experimental: the internal async runtime has been reset in the forked child, but a small chance of deadlock remains if other state was mid-operation at fork time. The 'forkserver' or 'spawn' multiprocessing start method is likely a safer alternative.
  self.pid = _fork_exec(
/usr/lib/python3.11/subprocess.py:1885: RuntimeWarning: lancedb fork support is experimental: the internal async runtime has been reset in the forked child, but a small chance of deadlock remains if other state was mid-operation at fork time. The 'forkserver' or 'spawn' multiprocessing start method is likely a safer alternative.
  self.pid = _fork_exec(
/usr/lib/python3.11/subprocess.py:1885: RuntimeWarning: lancedb fork support is experimental: the internal async runtime has been reset in the forked child, but a small chance of deadlock remains if other state was mid-operation at fork time. The 'forkserver' or 'spawn' multiprocessing start method is likely a safer alternative.
  self.pid = _fork_exec(
/usr/lib/python3.11/subprocess.py:1885: RuntimeWarning: lancedb fork support is experimental: the internal async runtime has been reset in the forked child, but a small chance of deadlock remains if other state was mid-operation at fork time. The 'forkserver' or 'spawn' multiprocessing start method is likely a safer alternative.
  self.pid = _fork_exec(
/usr/lib/python3.11/subprocess.py:1885: RuntimeWarning: lancedb fork support is experimental: the internal async runtime has been reset in the forked child, but a small chance of deadlock remains if other state was mid-operation at fork time. The 'forkserver' or 'spawn' multiprocessing start method is likely a safer alternative.
  self.pid = _fork_exec(
/usr/lib/python3.11/subprocess.py:1885: RuntimeWarning: lancedb fork support is experimental: the internal async runtime has been reset in the forked child, but a small chance of deadlock remains if other state was mid-operation at fork time. The 'forkserver' or 'spawn' multiprocessing start method is likely a safer alternative.
  self.pid = _fork_exec(
/usr/lib/python3.11/subprocess.py:1885: RuntimeWarning: lancedb fork support is experimental: the internal async runtime has been reset in the forked child, but a small chance of deadlock remains if other state was mid-operation at fork time. The 'forkserver' or 'spawn' multiprocessing start method is likely a safer alternative.
  self.pid = _fork_exec(
/usr/lib/python3.11/subprocess.py:1885: RuntimeWarning: lancedb fork support is experimental: the internal async runtime has been reset in the forked child, but a small chance of deadlock remains if other state was mid-operation at fork time. The 'forkserver' or 'spawn' multiprocessing start method is likely a safer alternative.
  self.pid = _fork_exec(
/usr/lib/python3.11/subprocess.py:1885: RuntimeWarning: lancedb fork support is experimental: the internal async runtime has been reset in the forked child, but a small chance of deadlock remains if other state was mid-operation at fork time. The 'forkserver' or 'spawn' multiprocessing start method is likely a safer alternative.
  self.pid = _fork_exec(
CEM solve time: 21.8453 seconds
CEM solve time: 37.6098 seconds
CEM solve time: 43.3883 seconds
CEM solve time: 39.5819 seconds
CEM solve time: 38.7721 seconds
CEM solve time: 38.6946 seconds
CEM solve time: 45.4085 seconds
CEM solve time: 39.5746 seconds
CEM solve time: 42.7899 seconds
CEM solve time: 42.3547 seconds
CEM solve time: 37.5955 seconds
CEM solve time: 45.5309 seconds
CEM solve time: 41.5047 seconds
CEM solve time: 19.1792 seconds
CEM solve time: 17.3453 seconds
CEM solve time: 17.4885 seconds
{'success_rate': 0.0, 'episode_successes': array([False, False, False, False, False, False, False, False, False,
       False, False, False, False, False, False, False, False, False,
       False, False, False, False, False, False, False, False, False,
       False, False, False, False, False, False, False, False, False,
       False, False, False, False, False, False, False, False, False,
       False, False, False, False, False]), 'seeds': None}
[eval] videos saved to /workspace/ckpts
