/workspace/snapshot2/stable_worldmodel/envs/__init__.py:215: UserWarning: ale-py not found; ALE/* envs are unavailable. Install with: pip install 'stable-worldmodel[env]' or pip install ale-py.
  from stable_worldmodel.envs import ale  # noqa: F401
[2026-07-12 04:34:08,181][OpenGL.platform.ctypesloader][INFO] - Failed to load library ( 'libOpenGL.so.0' ): libOpenGL.so.0: cannot open shared object file: No such file or directory
[2026-07-12 04:34:08,182][OpenGL.acceleratesupport][INFO] - No OpenGL_accelerate module loaded: No module named 'OpenGL_accelerate'
[2026-07-12 04:34:08,189][OpenGL.platform.ctypesloader][INFO] - Failed to load library ( 'libOpenGL.so.0' ): libOpenGL.so.0: cannot open shared object file: No such file or directory
[2026-07-12 04:34:08,273][absl][INFO] - MUJOCO_GL=egl, attempting to import specified OpenGL backend.
[2026-07-12 04:34:08,275][OpenGL.platform.ctypesloader][INFO] - Failed to load library ( 'libOpenGL.so.0' ): libOpenGL.so.0: cannot open shared object file: No such file or directory
[2026-07-12 04:34:08,302][absl][INFO] - MuJoCo library version is: 3.10.0
/usr/local/lib/python3.11/dist-packages/gymnasium/envs/registration.py:729: UserWarning: [33mWARN: The environment is being initialised with render_mode='rgb_array' that is not in the possible render_modes ([]).[0m
  logger.warn(
/usr/local/lib/python3.11/dist-packages/gymnasium/spaces/box.py:231: UserWarning: [33mWARN: Box low's precision lowered by casting to float32, current low.dtype=float64[0m
  gym.logger.warn(
/usr/local/lib/python3.11/dist-packages/gymnasium/spaces/box.py:297: UserWarning: [33mWARN: Box high's precision lowered by casting to float32, current high.dtype=float64[0m
  gym.logger.warn(
/usr/local/lib/python3.11/dist-packages/gymnasium/spaces/box.py:415: UserWarning: [33mWARN: Casting input x to numpy array.[0m
  gym.logger.warn("Casting input x to numpy array.")
04:34:32 | INFO  | atomic_chec~| [atomic_save] installed crash-safe checkpoint plugin (write to sibling .tmp + fsync + atomic rename)
[2026-07-12 04:34:34,302][root][INFO] - Cached 'action' from '/workspace/datasets/lewm_cube_full/cube_single_expert.h5'
04:34:36 | INFO  | utils.py    | Loading checkpoint from folder /workspace/ckpts/ogbench_cube_single_v2WM...
/workspace/snapshot2/stable_worldmodel/wm/utils.py:80: FutureWarning: You are using `torch.load` with `weights_only=False` (the current default value), which uses the default pickle module implicitly. It is possible to construct malicious pickle data which will execute arbitrary code during unpickling (See https://github.com/pytorch/pytorch/blob/main/SECURITY.md#untrusted-models for more details). In a future release, the default value for `weights_only` will be flipped to `True`. This limits the functions that could be executed during unpickling. Arbitrary objects will no longer be allowed to be loaded via this mode unless they are explicitly allowlisted by the user via `torch.serialization.add_safe_globals`. We recommend you start setting `weights_only=True` for any use case where you don't have full control of the loaded file. Please open an issue on GitHub for any issues related to this experimental feature.
  state_dict = torch.load(checkpoint_path, map_location='cpu')
04:34:37 | INFO  | utils.py    | Created ViT-tiny from scratch with config: {'hidden_size': 192, 'num_hidden_layers': 12, 'num_attention_heads': 3, 'intermediate_size': 768, 'image_size': 224, 'patch_size': 14}
/usr/local/lib/python3.11/dist-packages/gymnasium/spaces/box.py:415: UserWarning: [33mWARN: Casting input x to numpy array.[0m
  gym.logger.warn("Casting input x to numpy array.")
/usr/local/lib/python3.11/dist-packages/gymnasium/spaces/box.py:231: UserWarning: [33mWARN: Box low's precision lowered by casting to float32, current low.dtype=float64[0m
  gym.logger.warn(
/usr/local/lib/python3.11/dist-packages/gymnasium/spaces/box.py:297: UserWarning: [33mWARN: Box high's precision lowered by casting to float32, current high.dtype=float64[0m
  gym.logger.warn(
/usr/local/lib/python3.11/dist-packages/gymnasium/spaces/box.py:231: UserWarning: [33mWARN: Box low's precision lowered by casting to float32, current low.dtype=float64[0m
  gym.logger.warn(
/usr/local/lib/python3.11/dist-packages/gymnasium/spaces/box.py:297: UserWarning: [33mWARN: Box high's precision lowered by casting to float32, current high.dtype=float64[0m
  gym.logger.warn(
/usr/local/lib/python3.11/dist-packages/gymnasium/spaces/box.py:231: UserWarning: [33mWARN: Box low's precision lowered by casting to float32, current low.dtype=float64[0m
  gym.logger.warn(
/usr/local/lib/python3.11/dist-packages/gymnasium/spaces/box.py:297: UserWarning: [33mWARN: Box high's precision lowered by casting to float32, current high.dtype=float64[0m
  gym.logger.warn(
/usr/local/lib/python3.11/dist-packages/gymnasium/spaces/box.py:231: UserWarning: [33mWARN: Box low's precision lowered by casting to float32, current low.dtype=float64[0m
  gym.logger.warn(
/usr/local/lib/python3.11/dist-packages/gymnasium/spaces/box.py:297: UserWarning: [33mWARN: Box high's precision lowered by casting to float32, current high.dtype=float64[0m
  gym.logger.warn(
/usr/local/lib/python3.11/dist-packages/gymnasium/spaces/box.py:231: UserWarning: [33mWARN: Box low's precision lowered by casting to float32, current low.dtype=float64[0m
  gym.logger.warn(
/usr/local/lib/python3.11/dist-packages/gymnasium/spaces/box.py:297: UserWarning: [33mWARN: Box high's precision lowered by casting to float32, current high.dtype=float64[0m
  gym.logger.warn(
/usr/local/lib/python3.11/dist-packages/gymnasium/spaces/box.py:231: UserWarning: [33mWARN: Box low's precision lowered by casting to float32, current low.dtype=float64[0m
  gym.logger.warn(
/usr/local/lib/python3.11/dist-packages/gymnasium/spaces/box.py:297: UserWarning: [33mWARN: Box high's precision lowered by casting to float32, current high.dtype=float64[0m
  gym.logger.warn(
/usr/local/lib/python3.11/dist-packages/gymnasium/spaces/box.py:231: UserWarning: [33mWARN: Box low's precision lowered by casting to float32, current low.dtype=float64[0m
  gym.logger.warn(
/usr/local/lib/python3.11/dist-packages/gymnasium/spaces/box.py:297: UserWarning: [33mWARN: Box high's precision lowered by casting to float32, current high.dtype=float64[0m
  gym.logger.warn(
/usr/local/lib/python3.11/dist-packages/gymnasium/spaces/box.py:231: UserWarning: [33mWARN: Box low's precision lowered by casting to float32, current low.dtype=float64[0m
  gym.logger.warn(
/usr/local/lib/python3.11/dist-packages/gymnasium/spaces/box.py:297: UserWarning: [33mWARN: Box high's precision lowered by casting to float32, current high.dtype=float64[0m
  gym.logger.warn(
/usr/local/lib/python3.11/dist-packages/gymnasium/spaces/box.py:231: UserWarning: [33mWARN: Box low's precision lowered by casting to float32, current low.dtype=float64[0m
  gym.logger.warn(
/usr/local/lib/python3.11/dist-packages/gymnasium/spaces/box.py:297: UserWarning: [33mWARN: Box high's precision lowered by casting to float32, current high.dtype=float64[0m
  gym.logger.warn(
/usr/local/lib/python3.11/dist-packages/gymnasium/spaces/box.py:231: UserWarning: [33mWARN: Box low's precision lowered by casting to float32, current low.dtype=float64[0m
  gym.logger.warn(
/usr/local/lib/python3.11/dist-packages/gymnasium/spaces/box.py:297: UserWarning: [33mWARN: Box high's precision lowered by casting to float32, current high.dtype=float64[0m
  gym.logger.warn(
/usr/local/lib/python3.11/dist-packages/gymnasium/spaces/box.py:231: UserWarning: [33mWARN: Box low's precision lowered by casting to float32, current low.dtype=float64[0m
  gym.logger.warn(
/usr/local/lib/python3.11/dist-packages/gymnasium/spaces/box.py:297: UserWarning: [33mWARN: Box high's precision lowered by casting to float32, current high.dtype=float64[0m
  gym.logger.warn(
/usr/local/lib/python3.11/dist-packages/gymnasium/spaces/box.py:231: UserWarning: [33mWARN: Box low's precision lowered by casting to float32, current low.dtype=float64[0m
  gym.logger.warn(
/usr/local/lib/python3.11/dist-packages/gymnasium/spaces/box.py:297: UserWarning: [33mWARN: Box high's precision lowered by casting to float32, current high.dtype=float64[0m
  gym.logger.warn(
/usr/local/lib/python3.11/dist-packages/gymnasium/spaces/box.py:231: UserWarning: [33mWARN: Box low's precision lowered by casting to float32, current low.dtype=float64[0m
  gym.logger.warn(
/usr/local/lib/python3.11/dist-packages/gymnasium/spaces/box.py:297: UserWarning: [33mWARN: Box high's precision lowered by casting to float32, current high.dtype=float64[0m
  gym.logger.warn(
/usr/local/lib/python3.11/dist-packages/gymnasium/spaces/box.py:231: UserWarning: [33mWARN: Box low's precision lowered by casting to float32, current low.dtype=float64[0m
  gym.logger.warn(
/usr/local/lib/python3.11/dist-packages/gymnasium/spaces/box.py:297: UserWarning: [33mWARN: Box high's precision lowered by casting to float32, current high.dtype=float64[0m
  gym.logger.warn(
/usr/local/lib/python3.11/dist-packages/gymnasium/spaces/box.py:231: UserWarning: [33mWARN: Box low's precision lowered by casting to float32, current low.dtype=float64[0m
  gym.logger.warn(
/usr/local/lib/python3.11/dist-packages/gymnasium/spaces/box.py:297: UserWarning: [33mWARN: Box high's precision lowered by casting to float32, current high.dtype=float64[0m
  gym.logger.warn(
/usr/local/lib/python3.11/dist-packages/gymnasium/spaces/box.py:231: UserWarning: [33mWARN: Box low's precision lowered by casting to float32, current low.dtype=float64[0m
  gym.logger.warn(
/usr/local/lib/python3.11/dist-packages/gymnasium/spaces/box.py:297: UserWarning: [33mWARN: Box high's precision lowered by casting to float32, current high.dtype=float64[0m
  gym.logger.warn(
/usr/local/lib/python3.11/dist-packages/gymnasium/spaces/box.py:231: UserWarning: [33mWARN: Box low's precision lowered by casting to float32, current low.dtype=float64[0m
  gym.logger.warn(
/usr/local/lib/python3.11/dist-packages/gymnasium/spaces/box.py:297: UserWarning: [33mWARN: Box high's precision lowered by casting to float32, current high.dtype=float64[0m
  gym.logger.warn(
/usr/local/lib/python3.11/dist-packages/gymnasium/spaces/box.py:231: UserWarning: [33mWARN: Box low's precision lowered by casting to float32, current low.dtype=float64[0m
  gym.logger.warn(
/usr/local/lib/python3.11/dist-packages/gymnasium/spaces/box.py:297: UserWarning: [33mWARN: Box high's precision lowered by casting to float32, current high.dtype=float64[0m
  gym.logger.warn(
/usr/local/lib/python3.11/dist-packages/gymnasium/spaces/box.py:231: UserWarning: [33mWARN: Box low's precision lowered by casting to float32, current low.dtype=float64[0m
  gym.logger.warn(
/usr/local/lib/python3.11/dist-packages/gymnasium/spaces/box.py:297: UserWarning: [33mWARN: Box high's precision lowered by casting to float32, current high.dtype=float64[0m
  gym.logger.warn(
/usr/local/lib/python3.11/dist-packages/gymnasium/spaces/box.py:231: UserWarning: [33mWARN: Box low's precision lowered by casting to float32, current low.dtype=float64[0m
  gym.logger.warn(
/usr/local/lib/python3.11/dist-packages/gymnasium/spaces/box.py:297: UserWarning: [33mWARN: Box high's precision lowered by casting to float32, current high.dtype=float64[0m
  gym.logger.warn(
/usr/local/lib/python3.11/dist-packages/gymnasium/spaces/box.py:231: UserWarning: [33mWARN: Box low's precision lowered by casting to float32, current low.dtype=float64[0m
  gym.logger.warn(
/usr/local/lib/python3.11/dist-packages/gymnasium/spaces/box.py:297: UserWarning: [33mWARN: Box high's precision lowered by casting to float32, current high.dtype=float64[0m
  gym.logger.warn(
/usr/local/lib/python3.11/dist-packages/gymnasium/spaces/box.py:231: UserWarning: [33mWARN: Box low's precision lowered by casting to float32, current low.dtype=float64[0m
  gym.logger.warn(
/usr/local/lib/python3.11/dist-packages/gymnasium/spaces/box.py:297: UserWarning: [33mWARN: Box high's precision lowered by casting to float32, current high.dtype=float64[0m
  gym.logger.warn(
/usr/local/lib/python3.11/dist-packages/gymnasium/spaces/box.py:231: UserWarning: [33mWARN: Box low's precision lowered by casting to float32, current low.dtype=float64[0m
  gym.logger.warn(
/usr/local/lib/python3.11/dist-packages/gymnasium/spaces/box.py:297: UserWarning: [33mWARN: Box high's precision lowered by casting to float32, current high.dtype=float64[0m
  gym.logger.warn(
/usr/local/lib/python3.11/dist-packages/gymnasium/spaces/box.py:231: UserWarning: [33mWARN: Box low's precision lowered by casting to float32, current low.dtype=float64[0m
  gym.logger.warn(
/usr/local/lib/python3.11/dist-packages/gymnasium/spaces/box.py:297: UserWarning: [33mWARN: Box high's precision lowered by casting to float32, current high.dtype=float64[0m
  gym.logger.warn(
/usr/local/lib/python3.11/dist-packages/gymnasium/spaces/box.py:231: UserWarning: [33mWARN: Box low's precision lowered by casting to float32, current low.dtype=float64[0m
  gym.logger.warn(
/usr/local/lib/python3.11/dist-packages/gymnasium/spaces/box.py:297: UserWarning: [33mWARN: Box high's precision lowered by casting to float32, current high.dtype=float64[0m
  gym.logger.warn(
/usr/local/lib/python3.11/dist-packages/gymnasium/spaces/box.py:231: UserWarning: [33mWARN: Box low's precision lowered by casting to float32, current low.dtype=float64[0m
  gym.logger.warn(
/usr/local/lib/python3.11/dist-packages/gymnasium/spaces/box.py:297: UserWarning: [33mWARN: Box high's precision lowered by casting to float32, current high.dtype=float64[0m
  gym.logger.warn(
/usr/local/lib/python3.11/dist-packages/gymnasium/spaces/box.py:231: UserWarning: [33mWARN: Box low's precision lowered by casting to float32, current low.dtype=float64[0m
  gym.logger.warn(
/usr/local/lib/python3.11/dist-packages/gymnasium/spaces/box.py:297: UserWarning: [33mWARN: Box high's precision lowered by casting to float32, current high.dtype=float64[0m
  gym.logger.warn(
/usr/local/lib/python3.11/dist-packages/gymnasium/spaces/box.py:231: UserWarning: [33mWARN: Box low's precision lowered by casting to float32, current low.dtype=float64[0m
  gym.logger.warn(
/usr/local/lib/python3.11/dist-packages/gymnasium/spaces/box.py:297: UserWarning: [33mWARN: Box high's precision lowered by casting to float32, current high.dtype=float64[0m
  gym.logger.warn(
/usr/local/lib/python3.11/dist-packages/gymnasium/spaces/box.py:231: UserWarning: [33mWARN: Box low's precision lowered by casting to float32, current low.dtype=float64[0m
  gym.logger.warn(
/usr/local/lib/python3.11/dist-packages/gymnasium/spaces/box.py:297: UserWarning: [33mWARN: Box high's precision lowered by casting to float32, current high.dtype=float64[0m
  gym.logger.warn(
/usr/local/lib/python3.11/dist-packages/gymnasium/spaces/box.py:231: UserWarning: [33mWARN: Box low's precision lowered by casting to float32, current low.dtype=float64[0m
  gym.logger.warn(
/usr/local/lib/python3.11/dist-packages/gymnasium/spaces/box.py:297: UserWarning: [33mWARN: Box high's precision lowered by casting to float32, current high.dtype=float64[0m
  gym.logger.warn(
/usr/local/lib/python3.11/dist-packages/gymnasium/spaces/box.py:231: UserWarning: [33mWARN: Box low's precision lowered by casting to float32, current low.dtype=float64[0m
  gym.logger.warn(
/usr/local/lib/python3.11/dist-packages/gymnasium/spaces/box.py:297: UserWarning: [33mWARN: Box high's precision lowered by casting to float32, current high.dtype=float64[0m
  gym.logger.warn(
/usr/local/lib/python3.11/dist-packages/gymnasium/spaces/box.py:231: UserWarning: [33mWARN: Box low's precision lowered by casting to float32, current low.dtype=float64[0m
  gym.logger.warn(
/usr/local/lib/python3.11/dist-packages/gymnasium/spaces/box.py:297: UserWarning: [33mWARN: Box high's precision lowered by casting to float32, current high.dtype=float64[0m
  gym.logger.warn(
/usr/local/lib/python3.11/dist-packages/gymnasium/spaces/box.py:231: UserWarning: [33mWARN: Box low's precision lowered by casting to float32, current low.dtype=float64[0m
  gym.logger.warn(
/usr/local/lib/python3.11/dist-packages/gymnasium/spaces/box.py:297: UserWarning: [33mWARN: Box high's precision lowered by casting to float32, current high.dtype=float64[0m
  gym.logger.warn(
/usr/local/lib/python3.11/dist-packages/gymnasium/spaces/box.py:231: UserWarning: [33mWARN: Box low's precision lowered by casting to float32, current low.dtype=float64[0m
  gym.logger.warn(
/usr/local/lib/python3.11/dist-packages/gymnasium/spaces/box.py:297: UserWarning: [33mWARN: Box high's precision lowered by casting to float32, current high.dtype=float64[0m
  gym.logger.warn(
/usr/local/lib/python3.11/dist-packages/gymnasium/spaces/box.py:231: UserWarning: [33mWARN: Box low's precision lowered by casting to float32, current low.dtype=float64[0m
  gym.logger.warn(
/usr/local/lib/python3.11/dist-packages/gymnasium/spaces/box.py:297: UserWarning: [33mWARN: Box high's precision lowered by casting to float32, current high.dtype=float64[0m
  gym.logger.warn(
/usr/local/lib/python3.11/dist-packages/gymnasium/spaces/box.py:231: UserWarning: [33mWARN: Box low's precision lowered by casting to float32, current low.dtype=float64[0m
  gym.logger.warn(
/usr/local/lib/python3.11/dist-packages/gymnasium/spaces/box.py:297: UserWarning: [33mWARN: Box high's precision lowered by casting to float32, current high.dtype=float64[0m
  gym.logger.warn(
/usr/local/lib/python3.11/dist-packages/gymnasium/spaces/box.py:231: UserWarning: [33mWARN: Box low's precision lowered by casting to float32, current low.dtype=float64[0m
  gym.logger.warn(
/usr/local/lib/python3.11/dist-packages/gymnasium/spaces/box.py:297: UserWarning: [33mWARN: Box high's precision lowered by casting to float32, current high.dtype=float64[0m
  gym.logger.warn(
/usr/local/lib/python3.11/dist-packages/gymnasium/spaces/box.py:231: UserWarning: [33mWARN: Box low's precision lowered by casting to float32, current low.dtype=float64[0m
  gym.logger.warn(
/usr/local/lib/python3.11/dist-packages/gymnasium/spaces/box.py:297: UserWarning: [33mWARN: Box high's precision lowered by casting to float32, current high.dtype=float64[0m
  gym.logger.warn(
/usr/local/lib/python3.11/dist-packages/gymnasium/spaces/box.py:231: UserWarning: [33mWARN: Box low's precision lowered by casting to float32, current low.dtype=float64[0m
  gym.logger.warn(
/usr/local/lib/python3.11/dist-packages/gymnasium/spaces/box.py:297: UserWarning: [33mWARN: Box high's precision lowered by casting to float32, current high.dtype=float64[0m
  gym.logger.warn(
/usr/local/lib/python3.11/dist-packages/gymnasium/spaces/box.py:231: UserWarning: [33mWARN: Box low's precision lowered by casting to float32, current low.dtype=float64[0m
  gym.logger.warn(
/usr/local/lib/python3.11/dist-packages/gymnasium/spaces/box.py:297: UserWarning: [33mWARN: Box high's precision lowered by casting to float32, current high.dtype=float64[0m
  gym.logger.warn(
/usr/local/lib/python3.11/dist-packages/gymnasium/spaces/box.py:231: UserWarning: [33mWARN: Box low's precision lowered by casting to float32, current low.dtype=float64[0m
  gym.logger.warn(
/usr/local/lib/python3.11/dist-packages/gymnasium/spaces/box.py:297: UserWarning: [33mWARN: Box high's precision lowered by casting to float32, current high.dtype=float64[0m
  gym.logger.warn(
/usr/local/lib/python3.11/dist-packages/gymnasium/spaces/box.py:231: UserWarning: [33mWARN: Box low's precision lowered by casting to float32, current low.dtype=float64[0m
  gym.logger.warn(
/usr/local/lib/python3.11/dist-packages/gymnasium/spaces/box.py:297: UserWarning: [33mWARN: Box high's precision lowered by casting to float32, current high.dtype=float64[0m
  gym.logger.warn(
/usr/local/lib/python3.11/dist-packages/gymnasium/spaces/box.py:231: UserWarning: [33mWARN: Box low's precision lowered by casting to float32, current low.dtype=float64[0m
  gym.logger.warn(
/usr/local/lib/python3.11/dist-packages/gymnasium/spaces/box.py:297: UserWarning: [33mWARN: Box high's precision lowered by casting to float32, current high.dtype=float64[0m
  gym.logger.warn(
/usr/local/lib/python3.11/dist-packages/gymnasium/spaces/box.py:231: UserWarning: [33mWARN: Box low's precision lowered by casting to float32, current low.dtype=float64[0m
  gym.logger.warn(
/usr/local/lib/python3.11/dist-packages/gymnasium/spaces/box.py:297: UserWarning: [33mWARN: Box high's precision lowered by casting to float32, current high.dtype=float64[0m
  gym.logger.warn(
/usr/local/lib/python3.11/dist-packages/gymnasium/spaces/box.py:231: UserWarning: [33mWARN: Box low's precision lowered by casting to float32, current low.dtype=float64[0m
  gym.logger.warn(
/usr/local/lib/python3.11/dist-packages/gymnasium/spaces/box.py:297: UserWarning: [33mWARN: Box high's precision lowered by casting to float32, current high.dtype=float64[0m
  gym.logger.warn(
/usr/local/lib/python3.11/dist-packages/gymnasium/spaces/box.py:231: UserWarning: [33mWARN: Box low's precision lowered by casting to float32, current low.dtype=float64[0m
  gym.logger.warn(
/usr/local/lib/python3.11/dist-packages/gymnasium/spaces/box.py:297: UserWarning: [33mWARN: Box high's precision lowered by casting to float32, current high.dtype=float64[0m
  gym.logger.warn(
/usr/local/lib/python3.11/dist-packages/gymnasium/spaces/box.py:231: UserWarning: [33mWARN: Box low's precision lowered by casting to float32, current low.dtype=float64[0m
  gym.logger.warn(
/usr/local/lib/python3.11/dist-packages/gymnasium/spaces/box.py:297: UserWarning: [33mWARN: Box high's precision lowered by casting to float32, current high.dtype=float64[0m
  gym.logger.warn(
/usr/local/lib/python3.11/dist-packages/gymnasium/spaces/box.py:231: UserWarning: [33mWARN: Box low's precision lowered by casting to float32, current low.dtype=float64[0m
  gym.logger.warn(
/usr/local/lib/python3.11/dist-packages/gymnasium/spaces/box.py:297: UserWarning: [33mWARN: Box high's precision lowered by casting to float32, current high.dtype=float64[0m
  gym.logger.warn(
/usr/local/lib/python3.11/dist-packages/gymnasium/spaces/box.py:231: UserWarning: [33mWARN: Box low's precision lowered by casting to float32, current low.dtype=float64[0m
  gym.logger.warn(
/usr/local/lib/python3.11/dist-packages/gymnasium/spaces/box.py:297: UserWarning: [33mWARN: Box high's precision lowered by casting to float32, current high.dtype=float64[0m
  gym.logger.warn(
/usr/local/lib/python3.11/dist-packages/gymnasium/spaces/box.py:231: UserWarning: [33mWARN: Box low's precision lowered by casting to float32, current low.dtype=float64[0m
  gym.logger.warn(
/usr/local/lib/python3.11/dist-packages/gymnasium/spaces/box.py:297: UserWarning: [33mWARN: Box high's precision lowered by casting to float32, current high.dtype=float64[0m
  gym.logger.warn(
/usr/local/lib/python3.11/dist-packages/gymnasium/spaces/box.py:231: UserWarning: [33mWARN: Box low's precision lowered by casting to float32, current low.dtype=float64[0m
  gym.logger.warn(
/usr/local/lib/python3.11/dist-packages/gymnasium/spaces/box.py:297: UserWarning: [33mWARN: Box high's precision lowered by casting to float32, current high.dtype=float64[0m
  gym.logger.warn(
/usr/local/lib/python3.11/dist-packages/gymnasium/spaces/box.py:231: UserWarning: [33mWARN: Box low's precision lowered by casting to float32, current low.dtype=float64[0m
  gym.logger.warn(
/usr/local/lib/python3.11/dist-packages/gymnasium/spaces/box.py:297: UserWarning: [33mWARN: Box high's precision lowered by casting to float32, current high.dtype=float64[0m
  gym.logger.warn(
/usr/local/lib/python3.11/dist-packages/gymnasium/spaces/box.py:231: UserWarning: [33mWARN: Box low's precision lowered by casting to float32, current low.dtype=float64[0m
  gym.logger.warn(
/usr/local/lib/python3.11/dist-packages/gymnasium/spaces/box.py:297: UserWarning: [33mWARN: Box high's precision lowered by casting to float32, current high.dtype=float64[0m
  gym.logger.warn(
/usr/local/lib/python3.11/dist-packages/gymnasium/spaces/box.py:231: UserWarning: [33mWARN: Box low's precision lowered by casting to float32, current low.dtype=float64[0m
  gym.logger.warn(
/usr/local/lib/python3.11/dist-packages/gymnasium/spaces/box.py:297: UserWarning: [33mWARN: Box high's precision lowered by casting to float32, current high.dtype=float64[0m
  gym.logger.warn(
/usr/local/lib/python3.11/dist-packages/gymnasium/spaces/box.py:231: UserWarning: [33mWARN: Box low's precision lowered by casting to float32, current low.dtype=float64[0m
  gym.logger.warn(
/usr/local/lib/python3.11/dist-packages/gymnasium/spaces/box.py:297: UserWarning: [33mWARN: Box high's precision lowered by casting to float32, current high.dtype=float64[0m
  gym.logger.warn(
/usr/local/lib/python3.11/dist-packages/gymnasium/spaces/box.py:231: UserWarning: [33mWARN: Box low's precision lowered by casting to float32, current low.dtype=float64[0m
  gym.logger.warn(
/usr/local/lib/python3.11/dist-packages/gymnasium/spaces/box.py:297: UserWarning: [33mWARN: Box high's precision lowered by casting to float32, current high.dtype=float64[0m
  gym.logger.warn(
/usr/local/lib/python3.11/dist-packages/gymnasium/spaces/box.py:231: UserWarning: [33mWARN: Box low's precision lowered by casting to float32, current low.dtype=float64[0m
  gym.logger.warn(
/usr/local/lib/python3.11/dist-packages/gymnasium/spaces/box.py:297: UserWarning: [33mWARN: Box high's precision lowered by casting to float32, current high.dtype=float64[0m
  gym.logger.warn(
/usr/local/lib/python3.11/dist-packages/gymnasium/spaces/box.py:231: UserWarning: [33mWARN: Box low's precision lowered by casting to float32, current low.dtype=float64[0m
  gym.logger.warn(
/usr/local/lib/python3.11/dist-packages/gymnasium/spaces/box.py:297: UserWarning: [33mWARN: Box high's precision lowered by casting to float32, current high.dtype=float64[0m
  gym.logger.warn(
/usr/local/lib/python3.11/dist-packages/gymnasium/spaces/box.py:231: UserWarning: [33mWARN: Box low's precision lowered by casting to float32, current low.dtype=float64[0m
  gym.logger.warn(
/usr/local/lib/python3.11/dist-packages/gymnasium/spaces/box.py:297: UserWarning: [33mWARN: Box high's precision lowered by casting to float32, current high.dtype=float64[0m
  gym.logger.warn(
/usr/local/lib/python3.11/dist-packages/gymnasium/spaces/box.py:231: UserWarning: [33mWARN: Box low's precision lowered by casting to float32, current low.dtype=float64[0m
  gym.logger.warn(
/usr/local/lib/python3.11/dist-packages/gymnasium/spaces/box.py:297: UserWarning: [33mWARN: Box high's precision lowered by casting to float32, current high.dtype=float64[0m
  gym.logger.warn(
/usr/local/lib/python3.11/dist-packages/gymnasium/spaces/box.py:231: UserWarning: [33mWARN: Box low's precision lowered by casting to float32, current low.dtype=float64[0m
  gym.logger.warn(
/usr/local/lib/python3.11/dist-packages/gymnasium/spaces/box.py:297: UserWarning: [33mWARN: Box high's precision lowered by casting to float32, current high.dtype=float64[0m
  gym.logger.warn(
/usr/local/lib/python3.11/dist-packages/gymnasium/spaces/box.py:231: UserWarning: [33mWARN: Box low's precision lowered by casting to float32, current low.dtype=float64[0m
  gym.logger.warn(
/usr/local/lib/python3.11/dist-packages/gymnasium/spaces/box.py:297: UserWarning: [33mWARN: Box high's precision lowered by casting to float32, current high.dtype=float64[0m
  gym.logger.warn(
/usr/local/lib/python3.11/dist-packages/gymnasium/spaces/box.py:231: UserWarning: [33mWARN: Box low's precision lowered by casting to float32, current low.dtype=float64[0m
  gym.logger.warn(
/usr/local/lib/python3.11/dist-packages/gymnasium/spaces/box.py:297: UserWarning: [33mWARN: Box high's precision lowered by casting to float32, current high.dtype=float64[0m
  gym.logger.warn(
/usr/local/lib/python3.11/dist-packages/gymnasium/spaces/box.py:231: UserWarning: [33mWARN: Box low's precision lowered by casting to float32, current low.dtype=float64[0m
  gym.logger.warn(
/usr/local/lib/python3.11/dist-packages/gymnasium/spaces/box.py:297: UserWarning: [33mWARN: Box high's precision lowered by casting to float32, current high.dtype=float64[0m
  gym.logger.warn(
/usr/local/lib/python3.11/dist-packages/gymnasium/spaces/box.py:231: UserWarning: [33mWARN: Box low's precision lowered by casting to float32, current low.dtype=float64[0m
  gym.logger.warn(
/usr/local/lib/python3.11/dist-packages/gymnasium/spaces/box.py:297: UserWarning: [33mWARN: Box high's precision lowered by casting to float32, current high.dtype=float64[0m
  gym.logger.warn(
/usr/local/lib/python3.11/dist-packages/gymnasium/spaces/box.py:231: UserWarning: [33mWARN: Box low's precision lowered by casting to float32, current low.dtype=float64[0m
  gym.logger.warn(
/usr/local/lib/python3.11/dist-packages/gymnasium/spaces/box.py:297: UserWarning: [33mWARN: Box high's precision lowered by casting to float32, current high.dtype=float64[0m
  gym.logger.warn(
/usr/local/lib/python3.11/dist-packages/gymnasium/spaces/box.py:231: UserWarning: [33mWARN: Box low's precision lowered by casting to float32, current low.dtype=float64[0m
  gym.logger.warn(
/usr/local/lib/python3.11/dist-packages/gymnasium/spaces/box.py:297: UserWarning: [33mWARN: Box high's precision lowered by casting to float32, current high.dtype=float64[0m
  gym.logger.warn(
/usr/local/lib/python3.11/dist-packages/gymnasium/spaces/box.py:231: UserWarning: [33mWARN: Box low's precision lowered by casting to float32, current low.dtype=float64[0m
  gym.logger.warn(
/usr/local/lib/python3.11/dist-packages/gymnasium/spaces/box.py:297: UserWarning: [33mWARN: Box high's precision lowered by casting to float32, current high.dtype=float64[0m
  gym.logger.warn(
/usr/local/lib/python3.11/dist-packages/gymnasium/spaces/box.py:231: UserWarning: [33mWARN: Box low's precision lowered by casting to float32, current low.dtype=float64[0m
  gym.logger.warn(
/usr/local/lib/python3.11/dist-packages/gymnasium/spaces/box.py:297: UserWarning: [33mWARN: Box high's precision lowered by casting to float32, current high.dtype=float64[0m
  gym.logger.warn(
/usr/local/lib/python3.11/dist-packages/gymnasium/spaces/box.py:231: UserWarning: [33mWARN: Box low's precision lowered by casting to float32, current low.dtype=float64[0m
  gym.logger.warn(
/usr/local/lib/python3.11/dist-packages/gymnasium/spaces/box.py:297: UserWarning: [33mWARN: Box high's precision lowered by casting to float32, current high.dtype=float64[0m
  gym.logger.warn(
/usr/local/lib/python3.11/dist-packages/gymnasium/spaces/box.py:231: UserWarning: [33mWARN: Box low's precision lowered by casting to float32, current low.dtype=float64[0m
  gym.logger.warn(
/usr/local/lib/python3.11/dist-packages/gymnasium/spaces/box.py:297: UserWarning: [33mWARN: Box high's precision lowered by casting to float32, current high.dtype=float64[0m
  gym.logger.warn(
/usr/local/lib/python3.11/dist-packages/gymnasium/spaces/box.py:231: UserWarning: [33mWARN: Box low's precision lowered by casting to float32, current low.dtype=float64[0m
  gym.logger.warn(
/usr/local/lib/python3.11/dist-packages/gymnasium/spaces/box.py:297: UserWarning: [33mWARN: Box high's precision lowered by casting to float32, current high.dtype=float64[0m
  gym.logger.warn(
/usr/local/lib/python3.11/dist-packages/gymnasium/spaces/box.py:231: UserWarning: [33mWARN: Box low's precision lowered by casting to float32, current low.dtype=float64[0m
  gym.logger.warn(
/usr/local/lib/python3.11/dist-packages/gymnasium/spaces/box.py:297: UserWarning: [33mWARN: Box high's precision lowered by casting to float32, current high.dtype=float64[0m
  gym.logger.warn(
/usr/local/lib/python3.11/dist-packages/gymnasium/spaces/box.py:231: UserWarning: [33mWARN: Box low's precision lowered by casting to float32, current low.dtype=float64[0m
  gym.logger.warn(
/usr/local/lib/python3.11/dist-packages/gymnasium/spaces/box.py:297: UserWarning: [33mWARN: Box high's precision lowered by casting to float32, current high.dtype=float64[0m
  gym.logger.warn(
/usr/local/lib/python3.11/dist-packages/gymnasium/spaces/box.py:231: UserWarning: [33mWARN: Box low's precision lowered by casting to float32, current low.dtype=float64[0m
  gym.logger.warn(
/usr/local/lib/python3.11/dist-packages/gymnasium/spaces/box.py:297: UserWarning: [33mWARN: Box high's precision lowered by casting to float32, current high.dtype=float64[0m
  gym.logger.warn(
/usr/local/lib/python3.11/dist-packages/gymnasium/spaces/box.py:231: UserWarning: [33mWARN: Box low's precision lowered by casting to float32, current low.dtype=float64[0m
  gym.logger.warn(
/usr/local/lib/python3.11/dist-packages/gymnasium/spaces/box.py:297: UserWarning: [33mWARN: Box high's precision lowered by casting to float32, current high.dtype=float64[0m
  gym.logger.warn(
/usr/local/lib/python3.11/dist-packages/gymnasium/spaces/box.py:231: UserWarning: [33mWARN: Box low's precision lowered by casting to float32, current low.dtype=float64[0m
  gym.logger.warn(
/usr/local/lib/python3.11/dist-packages/gymnasium/spaces/box.py:297: UserWarning: [33mWARN: Box high's precision lowered by casting to float32, current high.dtype=float64[0m
  gym.logger.warn(
/usr/local/lib/python3.11/dist-packages/gymnasium/spaces/box.py:231: UserWarning: [33mWARN: Box low's precision lowered by casting to float32, current low.dtype=float64[0m
  gym.logger.warn(
/usr/local/lib/python3.11/dist-packages/gymnasium/spaces/box.py:297: UserWarning: [33mWARN: Box high's precision lowered by casting to float32, current high.dtype=float64[0m
  gym.logger.warn(
/usr/local/lib/python3.11/dist-packages/gymnasium/spaces/box.py:231: UserWarning: [33mWARN: Box low's precision lowered by casting to float32, current low.dtype=float64[0m
  gym.logger.warn(
/usr/local/lib/python3.11/dist-packages/gymnasium/spaces/box.py:297: UserWarning: [33mWARN: Box high's precision lowered by casting to float32, current high.dtype=float64[0m
  gym.logger.warn(
/usr/local/lib/python3.11/dist-packages/gymnasium/spaces/box.py:231: UserWarning: [33mWARN: Box low's precision lowered by casting to float32, current low.dtype=float64[0m
  gym.logger.warn(
/usr/local/lib/python3.11/dist-packages/gymnasium/spaces/box.py:297: UserWarning: [33mWARN: Box high's precision lowered by casting to float32, current high.dtype=float64[0m
  gym.logger.warn(
/usr/local/lib/python3.11/dist-packages/gymnasium/spaces/box.py:231: UserWarning: [33mWARN: Box low's precision lowered by casting to float32, current low.dtype=float64[0m
  gym.logger.warn(
/usr/local/lib/python3.11/dist-packages/gymnasium/spaces/box.py:297: UserWarning: [33mWARN: Box high's precision lowered by casting to float32, current high.dtype=float64[0m
  gym.logger.warn(
/usr/local/lib/python3.11/dist-packages/gymnasium/spaces/box.py:231: UserWarning: [33mWARN: Box low's precision lowered by casting to float32, current low.dtype=float64[0m
  gym.logger.warn(
/usr/local/lib/python3.11/dist-packages/gymnasium/spaces/box.py:297: UserWarning: [33mWARN: Box high's precision lowered by casting to float32, current high.dtype=float64[0m
  gym.logger.warn(
/usr/local/lib/python3.11/dist-packages/gymnasium/spaces/box.py:231: UserWarning: [33mWARN: Box low's precision lowered by casting to float32, current low.dtype=float64[0m
  gym.logger.warn(
/usr/local/lib/python3.11/dist-packages/gymnasium/spaces/box.py:297: UserWarning: [33mWARN: Box high's precision lowered by casting to float32, current high.dtype=float64[0m
  gym.logger.warn(
/usr/local/lib/python3.11/dist-packages/gymnasium/spaces/box.py:231: UserWarning: [33mWARN: Box low's precision lowered by casting to float32, current low.dtype=float64[0m
  gym.logger.warn(
/usr/local/lib/python3.11/dist-packages/gymnasium/spaces/box.py:297: UserWarning: [33mWARN: Box high's precision lowered by casting to float32, current high.dtype=float64[0m
  gym.logger.warn(
/usr/local/lib/python3.11/dist-packages/gymnasium/spaces/box.py:231: UserWarning: [33mWARN: Box low's precision lowered by casting to float32, current low.dtype=float64[0m
  gym.logger.warn(
/usr/local/lib/python3.11/dist-packages/gymnasium/spaces/box.py:297: UserWarning: [33mWARN: Box high's precision lowered by casting to float32, current high.dtype=float64[0m
  gym.logger.warn(
/usr/local/lib/python3.11/dist-packages/gymnasium/spaces/box.py:231: UserWarning: [33mWARN: Box low's precision lowered by casting to float32, current low.dtype=float64[0m
  gym.logger.warn(
/usr/local/lib/python3.11/dist-packages/gymnasium/spaces/box.py:297: UserWarning: [33mWARN: Box high's precision lowered by casting to float32, current high.dtype=float64[0m
  gym.logger.warn(
/usr/local/lib/python3.11/dist-packages/gymnasium/spaces/box.py:231: UserWarning: [33mWARN: Box low's precision lowered by casting to float32, current low.dtype=float64[0m
  gym.logger.warn(
/usr/local/lib/python3.11/dist-packages/gymnasium/spaces/box.py:297: UserWarning: [33mWARN: Box high's precision lowered by casting to float32, current high.dtype=float64[0m
  gym.logger.warn(
/usr/local/lib/python3.11/dist-packages/gymnasium/spaces/box.py:231: UserWarning: [33mWARN: Box low's precision lowered by casting to float32, current low.dtype=float64[0m
  gym.logger.warn(
/usr/local/lib/python3.11/dist-packages/gymnasium/spaces/box.py:297: UserWarning: [33mWARN: Box high's precision lowered by casting to float32, current high.dtype=float64[0m
  gym.logger.warn(
/usr/local/lib/python3.11/dist-packages/gymnasium/spaces/box.py:231: UserWarning: [33mWARN: Box low's precision lowered by casting to float32, current low.dtype=float64[0m
  gym.logger.warn(
/usr/local/lib/python3.11/dist-packages/gymnasium/spaces/box.py:297: UserWarning: [33mWARN: Box high's precision lowered by casting to float32, current high.dtype=float64[0m
  gym.logger.warn(
/usr/local/lib/python3.11/dist-packages/gymnasium/spaces/box.py:231: UserWarning: [33mWARN: Box low's precision lowered by casting to float32, current low.dtype=float64[0m
  gym.logger.warn(
/usr/local/lib/python3.11/dist-packages/gymnasium/spaces/box.py:297: UserWarning: [33mWARN: Box high's precision lowered by casting to float32, current high.dtype=float64[0m
  gym.logger.warn(
/usr/local/lib/python3.11/dist-packages/gymnasium/spaces/box.py:231: UserWarning: [33mWARN: Box low's precision lowered by casting to float32, current low.dtype=float64[0m
  gym.logger.warn(
/usr/local/lib/python3.11/dist-packages/gymnasium/spaces/box.py:297: UserWarning: [33mWARN: Box high's precision lowered by casting to float32, current high.dtype=float64[0m
  gym.logger.warn(
/usr/local/lib/python3.11/dist-packages/gymnasium/spaces/box.py:231: UserWarning: [33mWARN: Box low's precision lowered by casting to float32, current low.dtype=float64[0m
  gym.logger.warn(
/usr/local/lib/python3.11/dist-packages/gymnasium/spaces/box.py:297: UserWarning: [33mWARN: Box high's precision lowered by casting to float32, current high.dtype=float64[0m
  gym.logger.warn(
/usr/local/lib/python3.11/dist-packages/gymnasium/spaces/box.py:231: UserWarning: [33mWARN: Box low's precision lowered by casting to float32, current low.dtype=float64[0m
  gym.logger.warn(
/usr/local/lib/python3.11/dist-packages/gymnasium/spaces/box.py:297: UserWarning: [33mWARN: Box high's precision lowered by casting to float32, current high.dtype=float64[0m
  gym.logger.warn(
/usr/local/lib/python3.11/dist-packages/gymnasium/spaces/box.py:231: UserWarning: [33mWARN: Box low's precision lowered by casting to float32, current low.dtype=float64[0m
  gym.logger.warn(
/usr/local/lib/python3.11/dist-packages/gymnasium/spaces/box.py:297: UserWarning: [33mWARN: Box high's precision lowered by casting to float32, current high.dtype=float64[0m
  gym.logger.warn(
/usr/local/lib/python3.11/dist-packages/gymnasium/spaces/box.py:231: UserWarning: [33mWARN: Box low's precision lowered by casting to float32, current low.dtype=float64[0m
  gym.logger.warn(
/usr/local/lib/python3.11/dist-packages/gymnasium/spaces/box.py:297: UserWarning: [33mWARN: Box high's precision lowered by casting to float32, current high.dtype=float64[0m
  gym.logger.warn(
/usr/local/lib/python3.11/dist-packages/gymnasium/spaces/box.py:231: UserWarning: [33mWARN: Box low's precision lowered by casting to float32, current low.dtype=float64[0m
  gym.logger.warn(
/usr/local/lib/python3.11/dist-packages/gymnasium/spaces/box.py:297: UserWarning: [33mWARN: Box high's precision lowered by casting to float32, current high.dtype=float64[0m
  gym.logger.warn(
/usr/local/lib/python3.11/dist-packages/gymnasium/spaces/box.py:231: UserWarning: [33mWARN: Box low's precision lowered by casting to float32, current low.dtype=float64[0m
  gym.logger.warn(
/usr/local/lib/python3.11/dist-packages/gymnasium/spaces/box.py:297: UserWarning: [33mWARN: Box high's precision lowered by casting to float32, current high.dtype=float64[0m
  gym.logger.warn(
/usr/local/lib/python3.11/dist-packages/gymnasium/spaces/box.py:231: UserWarning: [33mWARN: Box low's precision lowered by casting to float32, current low.dtype=float64[0m
  gym.logger.warn(
/usr/local/lib/python3.11/dist-packages/gymnasium/spaces/box.py:297: UserWarning: [33mWARN: Box high's precision lowered by casting to float32, current high.dtype=float64[0m
  gym.logger.warn(
/usr/local/lib/python3.11/dist-packages/gymnasium/spaces/box.py:231: UserWarning: [33mWARN: Box low's precision lowered by casting to float32, current low.dtype=float64[0m
  gym.logger.warn(
/usr/local/lib/python3.11/dist-packages/gymnasium/spaces/box.py:297: UserWarning: [33mWARN: Box high's precision lowered by casting to float32, current high.dtype=float64[0m
  gym.logger.warn(
/usr/local/lib/python3.11/dist-packages/gymnasium/spaces/box.py:231: UserWarning: [33mWARN: Box low's precision lowered by casting to float32, current low.dtype=float64[0m
  gym.logger.warn(
/usr/local/lib/python3.11/dist-packages/gymnasium/spaces/box.py:297: UserWarning: [33mWARN: Box high's precision lowered by casting to float32, current high.dtype=float64[0m
  gym.logger.warn(
/usr/local/lib/python3.11/dist-packages/gymnasium/spaces/box.py:231: UserWarning: [33mWARN: Box low's precision lowered by casting to float32, current low.dtype=float64[0m
  gym.logger.warn(
/usr/local/lib/python3.11/dist-packages/gymnasium/spaces/box.py:297: UserWarning: [33mWARN: Box high's precision lowered by casting to float32, current high.dtype=float64[0m
  gym.logger.warn(
/usr/local/lib/python3.11/dist-packages/gymnasium/spaces/box.py:231: UserWarning: [33mWARN: Box low's precision lowered by casting to float32, current low.dtype=float64[0m
  gym.logger.warn(
/usr/local/lib/python3.11/dist-packages/gymnasium/spaces/box.py:297: UserWarning: [33mWARN: Box high's precision lowered by casting to float32, current high.dtype=float64[0m
  gym.logger.warn(
/usr/local/lib/python3.11/dist-packages/gymnasium/spaces/box.py:231: UserWarning: [33mWARN: Box low's precision lowered by casting to float32, current low.dtype=float64[0m
  gym.logger.warn(
/usr/local/lib/python3.11/dist-packages/gymnasium/spaces/box.py:297: UserWarning: [33mWARN: Box high's precision lowered by casting to float32, current high.dtype=float64[0m
  gym.logger.warn(
/usr/local/lib/python3.11/dist-packages/gymnasium/spaces/box.py:231: UserWarning: [33mWARN: Box low's precision lowered by casting to float32, current low.dtype=float64[0m
  gym.logger.warn(
/usr/local/lib/python3.11/dist-packages/gymnasium/spaces/box.py:297: UserWarning: [33mWARN: Box high's precision lowered by casting to float32, current high.dtype=float64[0m
  gym.logger.warn(
/usr/local/lib/python3.11/dist-packages/gymnasium/spaces/box.py:231: UserWarning: [33mWARN: Box low's precision lowered by casting to float32, current low.dtype=float64[0m
  gym.logger.warn(
/usr/local/lib/python3.11/dist-packages/gymnasium/spaces/box.py:297: UserWarning: [33mWARN: Box high's precision lowered by casting to float32, current high.dtype=float64[0m
  gym.logger.warn(
/usr/local/lib/python3.11/dist-packages/gymnasium/spaces/box.py:231: UserWarning: [33mWARN: Box low's precision lowered by casting to float32, current low.dtype=float64[0m
  gym.logger.warn(
/usr/local/lib/python3.11/dist-packages/gymnasium/spaces/box.py:297: UserWarning: [33mWARN: Box high's precision lowered by casting to float32, current high.dtype=float64[0m
  gym.logger.warn(
/usr/local/lib/python3.11/dist-packages/gymnasium/spaces/box.py:231: UserWarning: [33mWARN: Box low's precision lowered by casting to float32, current low.dtype=float64[0m
  gym.logger.warn(
/usr/local/lib/python3.11/dist-packages/gymnasium/spaces/box.py:297: UserWarning: [33mWARN: Box high's precision lowered by casting to float32, current high.dtype=float64[0m
  gym.logger.warn(
/usr/local/lib/python3.11/dist-packages/gymnasium/spaces/box.py:231: UserWarning: [33mWARN: Box low's precision lowered by casting to float32, current low.dtype=float64[0m
  gym.logger.warn(
/usr/local/lib/python3.11/dist-packages/gymnasium/spaces/box.py:297: UserWarning: [33mWARN: Box high's precision lowered by casting to float32, current high.dtype=float64[0m
  gym.logger.warn(
/usr/local/lib/python3.11/dist-packages/gymnasium/spaces/box.py:231: UserWarning: [33mWARN: Box low's precision lowered by casting to float32, current low.dtype=float64[0m
  gym.logger.warn(
/usr/local/lib/python3.11/dist-packages/gymnasium/spaces/box.py:297: UserWarning: [33mWARN: Box high's precision lowered by casting to float32, current high.dtype=float64[0m
  gym.logger.warn(
/usr/local/lib/python3.11/dist-packages/gymnasium/spaces/box.py:231: UserWarning: [33mWARN: Box low's precision lowered by casting to float32, current low.dtype=float64[0m
  gym.logger.warn(
/usr/local/lib/python3.11/dist-packages/gymnasium/spaces/box.py:297: UserWarning: [33mWARN: Box high's precision lowered by casting to float32, current high.dtype=float64[0m
  gym.logger.warn(
/usr/local/lib/python3.11/dist-packages/gymnasium/spaces/box.py:231: UserWarning: [33mWARN: Box low's precision lowered by casting to float32, current low.dtype=float64[0m
  gym.logger.warn(
/usr/local/lib/python3.11/dist-packages/gymnasium/spaces/box.py:297: UserWarning: [33mWARN: Box high's precision lowered by casting to float32, current high.dtype=float64[0m
  gym.logger.warn(
/usr/local/lib/python3.11/dist-packages/gymnasium/spaces/box.py:231: UserWarning: [33mWARN: Box low's precision lowered by casting to float32, current low.dtype=float64[0m
  gym.logger.warn(
/usr/local/lib/python3.11/dist-packages/gymnasium/spaces/box.py:297: UserWarning: [33mWARN: Box high's precision lowered by casting to float32, current high.dtype=float64[0m
  gym.logger.warn(
/usr/local/lib/python3.11/dist-packages/gymnasium/spaces/box.py:231: UserWarning: [33mWARN: Box low's precision lowered by casting to float32, current low.dtype=float64[0m
  gym.logger.warn(
/usr/local/lib/python3.11/dist-packages/gymnasium/spaces/box.py:297: UserWarning: [33mWARN: Box high's precision lowered by casting to float32, current high.dtype=float64[0m
  gym.logger.warn(
/usr/local/lib/python3.11/dist-packages/gymnasium/spaces/box.py:231: UserWarning: [33mWARN: Box low's precision lowered by casting to float32, current low.dtype=float64[0m
  gym.logger.warn(
/usr/local/lib/python3.11/dist-packages/gymnasium/spaces/box.py:297: UserWarning: [33mWARN: Box high's precision lowered by casting to float32, current high.dtype=float64[0m
  gym.logger.warn(
/usr/local/lib/python3.11/dist-packages/gymnasium/spaces/box.py:231: UserWarning: [33mWARN: Box low's precision lowered by casting to float32, current low.dtype=float64[0m
  gym.logger.warn(
/usr/local/lib/python3.11/dist-packages/gymnasium/spaces/box.py:297: UserWarning: [33mWARN: Box high's precision lowered by casting to float32, current high.dtype=float64[0m
  gym.logger.warn(
/usr/local/lib/python3.11/dist-packages/gymnasium/spaces/box.py:231: UserWarning: [33mWARN: Box low's precision lowered by casting to float32, current low.dtype=float64[0m
  gym.logger.warn(
/usr/local/lib/python3.11/dist-packages/gymnasium/spaces/box.py:297: UserWarning: [33mWARN: Box high's precision lowered by casting to float32, current high.dtype=float64[0m
  gym.logger.warn(
/usr/local/lib/python3.11/dist-packages/gymnasium/spaces/box.py:231: UserWarning: [33mWARN: Box low's precision lowered by casting to float32, current low.dtype=float64[0m
  gym.logger.warn(
/usr/local/lib/python3.11/dist-packages/gymnasium/spaces/box.py:297: UserWarning: [33mWARN: Box high's precision lowered by casting to float32, current high.dtype=float64[0m
  gym.logger.warn(
/usr/local/lib/python3.11/dist-packages/gymnasium/spaces/box.py:231: UserWarning: [33mWARN: Box low's precision lowered by casting to float32, current low.dtype=float64[0m
  gym.logger.warn(
/usr/local/lib/python3.11/dist-packages/gymnasium/spaces/box.py:297: UserWarning: [33mWARN: Box high's precision lowered by casting to float32, current high.dtype=float64[0m
  gym.logger.warn(
/usr/local/lib/python3.11/dist-packages/gymnasium/spaces/box.py:231: UserWarning: [33mWARN: Box low's precision lowered by casting to float32, current low.dtype=float64[0m
  gym.logger.warn(
/usr/local/lib/python3.11/dist-packages/gymnasium/spaces/box.py:297: UserWarning: [33mWARN: Box high's precision lowered by casting to float32, current high.dtype=float64[0m
  gym.logger.warn(
/usr/local/lib/python3.11/dist-packages/gymnasium/spaces/box.py:231: UserWarning: [33mWARN: Box low's precision lowered by casting to float32, current low.dtype=float64[0m
  gym.logger.warn(
/usr/local/lib/python3.11/dist-packages/gymnasium/spaces/box.py:297: UserWarning: [33mWARN: Box high's precision lowered by casting to float32, current high.dtype=float64[0m
  gym.logger.warn(
/usr/local/lib/python3.11/dist-packages/gymnasium/spaces/box.py:231: UserWarning: [33mWARN: Box low's precision lowered by casting to float32, current low.dtype=float64[0m
  gym.logger.warn(
/usr/local/lib/python3.11/dist-packages/gymnasium/spaces/box.py:297: UserWarning: [33mWARN: Box high's precision lowered by casting to float32, current high.dtype=float64[0m
  gym.logger.warn(
/usr/local/lib/python3.11/dist-packages/gymnasium/spaces/box.py:231: UserWarning: [33mWARN: Box low's precision lowered by casting to float32, current low.dtype=float64[0m
  gym.logger.warn(
/usr/local/lib/python3.11/dist-packages/gymnasium/spaces/box.py:297: UserWarning: [33mWARN: Box high's precision lowered by casting to float32, current high.dtype=float64[0m
  gym.logger.warn(
/usr/local/lib/python3.11/dist-packages/gymnasium/spaces/box.py:231: UserWarning: [33mWARN: Box low's precision lowered by casting to float32, current low.dtype=float64[0m
  gym.logger.warn(
/usr/local/lib/python3.11/dist-packages/gymnasium/spaces/box.py:297: UserWarning: [33mWARN: Box high's precision lowered by casting to float32, current high.dtype=float64[0m
  gym.logger.warn(
/usr/local/lib/python3.11/dist-packages/gymnasium/spaces/box.py:231: UserWarning: [33mWARN: Box low's precision lowered by casting to float32, current low.dtype=float64[0m
  gym.logger.warn(
/usr/local/lib/python3.11/dist-packages/gymnasium/spaces/box.py:297: UserWarning: [33mWARN: Box high's precision lowered by casting to float32, current high.dtype=float64[0m
  gym.logger.warn(
/usr/local/lib/python3.11/dist-packages/gymnasium/spaces/box.py:231: UserWarning: [33mWARN: Box low's precision lowered by casting to float32, current low.dtype=float64[0m
  gym.logger.warn(
/usr/local/lib/python3.11/dist-packages/gymnasium/spaces/box.py:297: UserWarning: [33mWARN: Box high's precision lowered by casting to float32, current high.dtype=float64[0m
  gym.logger.warn(
/usr/local/lib/python3.11/dist-packages/gymnasium/spaces/box.py:231: UserWarning: [33mWARN: Box low's precision lowered by casting to float32, current low.dtype=float64[0m
  gym.logger.warn(
/usr/local/lib/python3.11/dist-packages/gymnasium/spaces/box.py:297: UserWarning: [33mWARN: Box high's precision lowered by casting to float32, current high.dtype=float64[0m
  gym.logger.warn(
/usr/local/lib/python3.11/dist-packages/gymnasium/spaces/box.py:231: UserWarning: [33mWARN: Box low's precision lowered by casting to float32, current low.dtype=float64[0m
  gym.logger.warn(
/usr/local/lib/python3.11/dist-packages/gymnasium/spaces/box.py:297: UserWarning: [33mWARN: Box high's precision lowered by casting to float32, current high.dtype=float64[0m
  gym.logger.warn(
/usr/local/lib/python3.11/dist-packages/gymnasium/spaces/box.py:231: UserWarning: [33mWARN: Box low's precision lowered by casting to float32, current low.dtype=float64[0m
  gym.logger.warn(
/usr/local/lib/python3.11/dist-packages/gymnasium/spaces/box.py:297: UserWarning: [33mWARN: Box high's precision lowered by casting to float32, current high.dtype=float64[0m
  gym.logger.warn(
/usr/local/lib/python3.11/dist-packages/gymnasium/spaces/box.py:231: UserWarning: [33mWARN: Box low's precision lowered by casting to float32, current low.dtype=float64[0m
  gym.logger.warn(
/usr/local/lib/python3.11/dist-packages/gymnasium/spaces/box.py:297: UserWarning: [33mWARN: Box high's precision lowered by casting to float32, current high.dtype=float64[0m
  gym.logger.warn(
/usr/local/lib/python3.11/dist-packages/gymnasium/spaces/box.py:231: UserWarning: [33mWARN: Box low's precision lowered by casting to float32, current low.dtype=float64[0m
  gym.logger.warn(
/usr/local/lib/python3.11/dist-packages/gymnasium/spaces/box.py:297: UserWarning: [33mWARN: Box high's precision lowered by casting to float32, current high.dtype=float64[0m
  gym.logger.warn(
/usr/local/lib/python3.11/dist-packages/gymnasium/spaces/box.py:231: UserWarning: [33mWARN: Box low's precision lowered by casting to float32, current low.dtype=float64[0m
  gym.logger.warn(
/usr/local/lib/python3.11/dist-packages/gymnasium/spaces/box.py:297: UserWarning: [33mWARN: Box high's precision lowered by casting to float32, current high.dtype=float64[0m
  gym.logger.warn(
/usr/local/lib/python3.11/dist-packages/gymnasium/spaces/box.py:231: UserWarning: [33mWARN: Box low's precision lowered by casting to float32, current low.dtype=float64[0m
  gym.logger.warn(
/usr/local/lib/python3.11/dist-packages/gymnasium/spaces/box.py:297: UserWarning: [33mWARN: Box high's precision lowered by casting to float32, current high.dtype=float64[0m
  gym.logger.warn(
/usr/local/lib/python3.11/dist-packages/gymnasium/spaces/box.py:231: UserWarning: [33mWARN: Box low's precision lowered by casting to float32, current low.dtype=float64[0m
  gym.logger.warn(
/usr/local/lib/python3.11/dist-packages/gymnasium/spaces/box.py:297: UserWarning: [33mWARN: Box high's precision lowered by casting to float32, current high.dtype=float64[0m
  gym.logger.warn(
/usr/local/lib/python3.11/dist-packages/gymnasium/spaces/box.py:231: UserWarning: [33mWARN: Box low's precision lowered by casting to float32, current low.dtype=float64[0m
  gym.logger.warn(
/usr/local/lib/python3.11/dist-packages/gymnasium/spaces/box.py:297: UserWarning: [33mWARN: Box high's precision lowered by casting to float32, current high.dtype=float64[0m
  gym.logger.warn(
/usr/local/lib/python3.11/dist-packages/gymnasium/spaces/box.py:231: UserWarning: [33mWARN: Box low's precision lowered by casting to float32, current low.dtype=float64[0m
  gym.logger.warn(
/usr/local/lib/python3.11/dist-packages/gymnasium/spaces/box.py:297: UserWarning: [33mWARN: Box high's precision lowered by casting to float32, current high.dtype=float64[0m
  gym.logger.warn(
/usr/local/lib/python3.11/dist-packages/gymnasium/spaces/box.py:231: UserWarning: [33mWARN: Box low's precision lowered by casting to float32, current low.dtype=float64[0m
  gym.logger.warn(
/usr/local/lib/python3.11/dist-packages/gymnasium/spaces/box.py:297: UserWarning: [33mWARN: Box high's precision lowered by casting to float32, current high.dtype=float64[0m
  gym.logger.warn(
/usr/local/lib/python3.11/dist-packages/gymnasium/spaces/box.py:231: UserWarning: [33mWARN: Box low's precision lowered by casting to float32, current low.dtype=float64[0m
  gym.logger.warn(
/usr/local/lib/python3.11/dist-packages/gymnasium/spaces/box.py:297: UserWarning: [33mWARN: Box high's precision lowered by casting to float32, current high.dtype=float64[0m
  gym.logger.warn(
/usr/local/lib/python3.11/dist-packages/gymnasium/spaces/box.py:231: UserWarning: [33mWARN: Box low's precision lowered by casting to float32, current low.dtype=float64[0m
  gym.logger.warn(
/usr/local/lib/python3.11/dist-packages/gymnasium/spaces/box.py:297: UserWarning: [33mWARN: Box high's precision lowered by casting to float32, current high.dtype=float64[0m
  gym.logger.warn(
/usr/local/lib/python3.11/dist-packages/gymnasium/spaces/box.py:231: UserWarning: [33mWARN: Box low's precision lowered by casting to float32, current low.dtype=float64[0m
  gym.logger.warn(
/usr/local/lib/python3.11/dist-packages/gymnasium/spaces/box.py:297: UserWarning: [33mWARN: Box high's precision lowered by casting to float32, current high.dtype=float64[0m
  gym.logger.warn(
/usr/local/lib/python3.11/dist-packages/gymnasium/spaces/box.py:231: UserWarning: [33mWARN: Box low's precision lowered by casting to float32, current low.dtype=float64[0m
  gym.logger.warn(
/usr/local/lib/python3.11/dist-packages/gymnasium/spaces/box.py:297: UserWarning: [33mWARN: Box high's precision lowered by casting to float32, current high.dtype=float64[0m
  gym.logger.warn(
/usr/local/lib/python3.11/dist-packages/gymnasium/spaces/box.py:231: UserWarning: [33mWARN: Box low's precision lowered by casting to float32, current low.dtype=float64[0m
  gym.logger.warn(
/usr/local/lib/python3.11/dist-packages/gymnasium/spaces/box.py:297: UserWarning: [33mWARN: Box high's precision lowered by casting to float32, current high.dtype=float64[0m
  gym.logger.warn(
/usr/local/lib/python3.11/dist-packages/gymnasium/spaces/box.py:231: UserWarning: [33mWARN: Box low's precision lowered by casting to float32, current low.dtype=float64[0m
  gym.logger.warn(
/usr/local/lib/python3.11/dist-packages/gymnasium/spaces/box.py:297: UserWarning: [33mWARN: Box high's precision lowered by casting to float32, current high.dtype=float64[0m
  gym.logger.warn(
/usr/local/lib/python3.11/dist-packages/gymnasium/spaces/box.py:231: UserWarning: [33mWARN: Box low's precision lowered by casting to float32, current low.dtype=float64[0m
  gym.logger.warn(
/usr/local/lib/python3.11/dist-packages/gymnasium/spaces/box.py:297: UserWarning: [33mWARN: Box high's precision lowered by casting to float32, current high.dtype=float64[0m
  gym.logger.warn(
/usr/local/lib/python3.11/dist-packages/gymnasium/spaces/box.py:231: UserWarning: [33mWARN: Box low's precision lowered by casting to float32, current low.dtype=float64[0m
  gym.logger.warn(
/usr/local/lib/python3.11/dist-packages/gymnasium/spaces/box.py:297: UserWarning: [33mWARN: Box high's precision lowered by casting to float32, current high.dtype=float64[0m
  gym.logger.warn(
/usr/local/lib/python3.11/dist-packages/gymnasium/spaces/box.py:231: UserWarning: [33mWARN: Box low's precision lowered by casting to float32, current low.dtype=float64[0m
  gym.logger.warn(
/usr/local/lib/python3.11/dist-packages/gymnasium/spaces/box.py:297: UserWarning: [33mWARN: Box high's precision lowered by casting to float32, current high.dtype=float64[0m
  gym.logger.warn(
/usr/local/lib/python3.11/dist-packages/gymnasium/spaces/box.py:231: UserWarning: [33mWARN: Box low's precision lowered by casting to float32, current low.dtype=float64[0m
  gym.logger.warn(
/usr/local/lib/python3.11/dist-packages/gymnasium/spaces/box.py:297: UserWarning: [33mWARN: Box high's precision lowered by casting to float32, current high.dtype=float64[0m
  gym.logger.warn(
/usr/local/lib/python3.11/dist-packages/gymnasium/spaces/box.py:231: UserWarning: [33mWARN: Box low's precision lowered by casting to float32, current low.dtype=float64[0m
  gym.logger.warn(
/usr/local/lib/python3.11/dist-packages/gymnasium/spaces/box.py:297: UserWarning: [33mWARN: Box high's precision lowered by casting to float32, current high.dtype=float64[0m
  gym.logger.warn(
/usr/local/lib/python3.11/dist-packages/gymnasium/spaces/box.py:231: UserWarning: [33mWARN: Box low's precision lowered by casting to float32, current low.dtype=float64[0m
  gym.logger.warn(
/usr/local/lib/python3.11/dist-packages/gymnasium/spaces/box.py:297: UserWarning: [33mWARN: Box high's precision lowered by casting to float32, current high.dtype=float64[0m
  gym.logger.warn(
/usr/local/lib/python3.11/dist-packages/gymnasium/spaces/box.py:231: UserWarning: [33mWARN: Box low's precision lowered by casting to float32, current low.dtype=float64[0m
  gym.logger.warn(
/usr/local/lib/python3.11/dist-packages/gymnasium/spaces/box.py:297: UserWarning: [33mWARN: Box high's precision lowered by casting to float32, current high.dtype=float64[0m
  gym.logger.warn(
/usr/local/lib/python3.11/dist-packages/gymnasium/spaces/box.py:231: UserWarning: [33mWARN: Box low's precision lowered by casting to float32, current low.dtype=float64[0m
  gym.logger.warn(
/usr/local/lib/python3.11/dist-packages/gymnasium/spaces/box.py:297: UserWarning: [33mWARN: Box high's precision lowered by casting to float32, current high.dtype=float64[0m
  gym.logger.warn(
/usr/local/lib/python3.11/dist-packages/gymnasium/spaces/box.py:231: UserWarning: [33mWARN: Box low's precision lowered by casting to float32, current low.dtype=float64[0m
  gym.logger.warn(
/usr/local/lib/python3.11/dist-packages/gymnasium/spaces/box.py:297: UserWarning: [33mWARN: Box high's precision lowered by casting to float32, current high.dtype=float64[0m
  gym.logger.warn(
/usr/local/lib/python3.11/dist-packages/gymnasium/spaces/box.py:231: UserWarning: [33mWARN: Box low's precision lowered by casting to float32, current low.dtype=float64[0m
  gym.logger.warn(
/usr/local/lib/python3.11/dist-packages/gymnasium/spaces/box.py:297: UserWarning: [33mWARN: Box high's precision lowered by casting to float32, current high.dtype=float64[0m
  gym.logger.warn(
/usr/local/lib/python3.11/dist-packages/gymnasium/spaces/box.py:231: UserWarning: [33mWARN: Box low's precision lowered by casting to float32, current low.dtype=float64[0m
  gym.logger.warn(
/usr/local/lib/python3.11/dist-packages/gymnasium/spaces/box.py:297: UserWarning: [33mWARN: Box high's precision lowered by casting to float32, current high.dtype=float64[0m
  gym.logger.warn(
/usr/local/lib/python3.11/dist-packages/gymnasium/spaces/box.py:231: UserWarning: [33mWARN: Box low's precision lowered by casting to float32, current low.dtype=float64[0m
  gym.logger.warn(
/usr/local/lib/python3.11/dist-packages/gymnasium/spaces/box.py:297: UserWarning: [33mWARN: Box high's precision lowered by casting to float32, current high.dtype=float64[0m
  gym.logger.warn(
/usr/local/lib/python3.11/dist-packages/gymnasium/spaces/box.py:231: UserWarning: [33mWARN: Box low's precision lowered by casting to float32, current low.dtype=float64[0m
  gym.logger.warn(
/usr/local/lib/python3.11/dist-packages/gymnasium/spaces/box.py:297: UserWarning: [33mWARN: Box high's precision lowered by casting to float32, current high.dtype=float64[0m
  gym.logger.warn(
/usr/local/lib/python3.11/dist-packages/gymnasium/spaces/box.py:231: UserWarning: [33mWARN: Box low's precision lowered by casting to float32, current low.dtype=float64[0m
  gym.logger.warn(
/usr/local/lib/python3.11/dist-packages/gymnasium/spaces/box.py:297: UserWarning: [33mWARN: Box high's precision lowered by casting to float32, current high.dtype=float64[0m
  gym.logger.warn(
/usr/local/lib/python3.11/dist-packages/gymnasium/spaces/box.py:231: UserWarning: [33mWARN: Box low's precision lowered by casting to float32, current low.dtype=float64[0m
  gym.logger.warn(
/usr/local/lib/python3.11/dist-packages/gymnasium/spaces/box.py:297: UserWarning: [33mWARN: Box high's precision lowered by casting to float32, current high.dtype=float64[0m
  gym.logger.warn(
/usr/local/lib/python3.11/dist-packages/gymnasium/spaces/box.py:231: UserWarning: [33mWARN: Box low's precision lowered by casting to float32, current low.dtype=float64[0m
  gym.logger.warn(
/usr/local/lib/python3.11/dist-packages/gymnasium/spaces/box.py:297: UserWarning: [33mWARN: Box high's precision lowered by casting to float32, current high.dtype=float64[0m
  gym.logger.warn(
/usr/local/lib/python3.11/dist-packages/gymnasium/spaces/box.py:231: UserWarning: [33mWARN: Box low's precision lowered by casting to float32, current low.dtype=float64[0m
  gym.logger.warn(
/usr/local/lib/python3.11/dist-packages/gymnasium/spaces/box.py:297: UserWarning: [33mWARN: Box high's precision lowered by casting to float32, current high.dtype=float64[0m
  gym.logger.warn(
/usr/local/lib/python3.11/dist-packages/gymnasium/spaces/box.py:231: UserWarning: [33mWARN: Box low's precision lowered by casting to float32, current low.dtype=float64[0m
  gym.logger.warn(
/usr/local/lib/python3.11/dist-packages/gymnasium/spaces/box.py:297: UserWarning: [33mWARN: Box high's precision lowered by casting to float32, current high.dtype=float64[0m
  gym.logger.warn(
/usr/local/lib/python3.11/dist-packages/gymnasium/spaces/box.py:231: UserWarning: [33mWARN: Box low's precision lowered by casting to float32, current low.dtype=float64[0m
  gym.logger.warn(
/usr/local/lib/python3.11/dist-packages/gymnasium/spaces/box.py:297: UserWarning: [33mWARN: Box high's precision lowered by casting to float32, current high.dtype=float64[0m
  gym.logger.warn(
/usr/local/lib/python3.11/dist-packages/gymnasium/spaces/box.py:231: UserWarning: [33mWARN: Box low's precision lowered by casting to float32, current low.dtype=float64[0m
  gym.logger.warn(
/usr/local/lib/python3.11/dist-packages/gymnasium/spaces/box.py:297: UserWarning: [33mWARN: Box high's precision lowered by casting to float32, current high.dtype=float64[0m
  gym.logger.warn(
/usr/local/lib/python3.11/dist-packages/gymnasium/spaces/box.py:231: UserWarning: [33mWARN: Box low's precision lowered by casting to float32, current low.dtype=float64[0m
  gym.logger.warn(
/usr/local/lib/python3.11/dist-packages/gymnasium/spaces/box.py:297: UserWarning: [33mWARN: Box high's precision lowered by casting to float32, current high.dtype=float64[0m
  gym.logger.warn(
/usr/local/lib/python3.11/dist-packages/gymnasium/spaces/box.py:231: UserWarning: [33mWARN: Box low's precision lowered by casting to float32, current low.dtype=float64[0m
  gym.logger.warn(
/usr/local/lib/python3.11/dist-packages/gymnasium/spaces/box.py:297: UserWarning: [33mWARN: Box high's precision lowered by casting to float32, current high.dtype=float64[0m
  gym.logger.warn(
/usr/local/lib/python3.11/dist-packages/gymnasium/spaces/box.py:231: UserWarning: [33mWARN: Box low's precision lowered by casting to float32, current low.dtype=float64[0m
  gym.logger.warn(
/usr/local/lib/python3.11/dist-packages/gymnasium/spaces/box.py:297: UserWarning: [33mWARN: Box high's precision lowered by casting to float32, current high.dtype=float64[0m
  gym.logger.warn(
/usr/local/lib/python3.11/dist-packages/gymnasium/spaces/box.py:231: UserWarning: [33mWARN: Box low's precision lowered by casting to float32, current low.dtype=float64[0m
  gym.logger.warn(
/usr/local/lib/python3.11/dist-packages/gymnasium/spaces/box.py:297: UserWarning: [33mWARN: Box high's precision lowered by casting to float32, current high.dtype=float64[0m
  gym.logger.warn(
/usr/local/lib/python3.11/dist-packages/gymnasium/spaces/box.py:231: UserWarning: [33mWARN: Box low's precision lowered by casting to float32, current low.dtype=float64[0m
  gym.logger.warn(
/usr/local/lib/python3.11/dist-packages/gymnasium/spaces/box.py:297: UserWarning: [33mWARN: Box high's precision lowered by casting to float32, current high.dtype=float64[0m
  gym.logger.warn(
/usr/local/lib/python3.11/dist-packages/gymnasium/spaces/box.py:231: UserWarning: [33mWARN: Box low's precision lowered by casting to float32, current low.dtype=float64[0m
  gym.logger.warn(
/usr/local/lib/python3.11/dist-packages/gymnasium/spaces/box.py:297: UserWarning: [33mWARN: Box high's precision lowered by casting to float32, current high.dtype=float64[0m
  gym.logger.warn(
/usr/local/lib/python3.11/dist-packages/gymnasium/spaces/box.py:231: UserWarning: [33mWARN: Box low's precision lowered by casting to float32, current low.dtype=float64[0m
  gym.logger.warn(
/usr/local/lib/python3.11/dist-packages/gymnasium/spaces/box.py:297: UserWarning: [33mWARN: Box high's precision lowered by casting to float32, current high.dtype=float64[0m
  gym.logger.warn(
/usr/local/lib/python3.11/dist-packages/gymnasium/spaces/box.py:231: UserWarning: [33mWARN: Box low's precision lowered by casting to float32, current low.dtype=float64[0m
  gym.logger.warn(
/usr/local/lib/python3.11/dist-packages/gymnasium/spaces/box.py:297: UserWarning: [33mWARN: Box high's precision lowered by casting to float32, current high.dtype=float64[0m
  gym.logger.warn(
/usr/local/lib/python3.11/dist-packages/gymnasium/spaces/box.py:231: UserWarning: [33mWARN: Box low's precision lowered by casting to float32, current low.dtype=float64[0m
  gym.logger.warn(
/usr/local/lib/python3.11/dist-packages/gymnasium/spaces/box.py:297: UserWarning: [33mWARN: Box high's precision lowered by casting to float32, current high.dtype=float64[0m
  gym.logger.warn(
/usr/local/lib/python3.11/dist-packages/gymnasium/spaces/box.py:231: UserWarning: [33mWARN: Box low's precision lowered by casting to float32, current low.dtype=float64[0m
  gym.logger.warn(
/usr/local/lib/python3.11/dist-packages/gymnasium/spaces/box.py:297: UserWarning: [33mWARN: Box high's precision lowered by casting to float32, current high.dtype=float64[0m
  gym.logger.warn(
/usr/local/lib/python3.11/dist-packages/gymnasium/spaces/box.py:231: UserWarning: [33mWARN: Box low's precision lowered by casting to float32, current low.dtype=float64[0m
  gym.logger.warn(
/usr/local/lib/python3.11/dist-packages/gymnasium/spaces/box.py:297: UserWarning: [33mWARN: Box high's precision lowered by casting to float32, current high.dtype=float64[0m
  gym.logger.warn(
/usr/local/lib/python3.11/dist-packages/gymnasium/spaces/box.py:231: UserWarning: [33mWARN: Box low's precision lowered by casting to float32, current low.dtype=float64[0m
  gym.logger.warn(
/usr/local/lib/python3.11/dist-packages/gymnasium/spaces/box.py:297: UserWarning: [33mWARN: Box high's precision lowered by casting to float32, current high.dtype=float64[0m
  gym.logger.warn(
/usr/local/lib/python3.11/dist-packages/gymnasium/spaces/box.py:231: UserWarning: [33mWARN: Box low's precision lowered by casting to float32, current low.dtype=float64[0m
  gym.logger.warn(
/usr/local/lib/python3.11/dist-packages/gymnasium/spaces/box.py:297: UserWarning: [33mWARN: Box high's precision lowered by casting to float32, current high.dtype=float64[0m
  gym.logger.warn(
/usr/local/lib/python3.11/dist-packages/gymnasium/spaces/box.py:231: UserWarning: [33mWARN: Box low's precision lowered by casting to float32, current low.dtype=float64[0m
  gym.logger.warn(
/usr/local/lib/python3.11/dist-packages/gymnasium/spaces/box.py:297: UserWarning: [33mWARN: Box high's precision lowered by casting to float32, current high.dtype=float64[0m
  gym.logger.warn(
/usr/local/lib/python3.11/dist-packages/gymnasium/spaces/box.py:231: UserWarning: [33mWARN: Box low's precision lowered by casting to float32, current low.dtype=float64[0m
  gym.logger.warn(
/usr/local/lib/python3.11/dist-packages/gymnasium/spaces/box.py:297: UserWarning: [33mWARN: Box high's precision lowered by casting to float32, current high.dtype=float64[0m
  gym.logger.warn(
/usr/local/lib/python3.11/dist-packages/gymnasium/spaces/box.py:231: UserWarning: [33mWARN: Box low's precision lowered by casting to float32, current low.dtype=float64[0m
  gym.logger.warn(
/usr/local/lib/python3.11/dist-packages/gymnasium/spaces/box.py:297: UserWarning: [33mWARN: Box high's precision lowered by casting to float32, current high.dtype=float64[0m
  gym.logger.warn(
/usr/local/lib/python3.11/dist-packages/gymnasium/spaces/box.py:231: UserWarning: [33mWARN: Box low's precision lowered by casting to float32, current low.dtype=float64[0m
  gym.logger.warn(
/usr/local/lib/python3.11/dist-packages/gymnasium/spaces/box.py:297: UserWarning: [33mWARN: Box high's precision lowered by casting to float32, current high.dtype=float64[0m
  gym.logger.warn(
/usr/local/lib/python3.11/dist-packages/gymnasium/spaces/box.py:231: UserWarning: [33mWARN: Box low's precision lowered by casting to float32, current low.dtype=float64[0m
  gym.logger.warn(
/usr/local/lib/python3.11/dist-packages/gymnasium/spaces/box.py:297: UserWarning: [33mWARN: Box high's precision lowered by casting to float32, current high.dtype=float64[0m
  gym.logger.warn(
/usr/local/lib/python3.11/dist-packages/gymnasium/spaces/box.py:231: UserWarning: [33mWARN: Box low's precision lowered by casting to float32, current low.dtype=float64[0m
  gym.logger.warn(
/usr/local/lib/python3.11/dist-packages/gymnasium/spaces/box.py:297: UserWarning: [33mWARN: Box high's precision lowered by casting to float32, current high.dtype=float64[0m
  gym.logger.warn(
/usr/local/lib/python3.11/dist-packages/gymnasium/spaces/box.py:231: UserWarning: [33mWARN: Box low's precision lowered by casting to float32, current low.dtype=float64[0m
  gym.logger.warn(
/usr/local/lib/python3.11/dist-packages/gymnasium/spaces/box.py:297: UserWarning: [33mWARN: Box high's precision lowered by casting to float32, current high.dtype=float64[0m
  gym.logger.warn(
/usr/local/lib/python3.11/dist-packages/gymnasium/spaces/box.py:231: UserWarning: [33mWARN: Box low's precision lowered by casting to float32, current low.dtype=float64[0m
  gym.logger.warn(
/usr/local/lib/python3.11/dist-packages/gymnasium/spaces/box.py:297: UserWarning: [33mWARN: Box high's precision lowered by casting to float32, current high.dtype=float64[0m
  gym.logger.warn(
/usr/local/lib/python3.11/dist-packages/gymnasium/spaces/box.py:231: UserWarning: [33mWARN: Box low's precision lowered by casting to float32, current low.dtype=float64[0m
  gym.logger.warn(
/usr/local/lib/python3.11/dist-packages/gymnasium/spaces/box.py:297: UserWarning: [33mWARN: Box high's precision lowered by casting to float32, current high.dtype=float64[0m
  gym.logger.warn(
/usr/local/lib/python3.11/dist-packages/gymnasium/spaces/box.py:231: UserWarning: [33mWARN: Box low's precision lowered by casting to float32, current low.dtype=float64[0m
  gym.logger.warn(
/usr/local/lib/python3.11/dist-packages/gymnasium/spaces/box.py:297: UserWarning: [33mWARN: Box high's precision lowered by casting to float32, current high.dtype=float64[0m
  gym.logger.warn(
/usr/local/lib/python3.11/dist-packages/gymnasium/spaces/box.py:231: UserWarning: [33mWARN: Box low's precision lowered by casting to float32, current low.dtype=float64[0m
  gym.logger.warn(
/usr/local/lib/python3.11/dist-packages/gymnasium/spaces/box.py:297: UserWarning: [33mWARN: Box high's precision lowered by casting to float32, current high.dtype=float64[0m
  gym.logger.warn(
/usr/local/lib/python3.11/dist-packages/gymnasium/spaces/box.py:231: UserWarning: [33mWARN: Box low's precision lowered by casting to float32, current low.dtype=float64[0m
  gym.logger.warn(
/usr/local/lib/python3.11/dist-packages/gymnasium/spaces/box.py:297: UserWarning: [33mWARN: Box high's precision lowered by casting to float32, current high.dtype=float64[0m
  gym.logger.warn(
/usr/local/lib/python3.11/dist-packages/gymnasium/spaces/box.py:231: UserWarning: [33mWARN: Box low's precision lowered by casting to float32, current low.dtype=float64[0m
  gym.logger.warn(
/usr/local/lib/python3.11/dist-packages/gymnasium/spaces/box.py:297: UserWarning: [33mWARN: Box high's precision lowered by casting to float32, current high.dtype=float64[0m
  gym.logger.warn(
/usr/local/lib/python3.11/dist-packages/gymnasium/spaces/box.py:231: UserWarning: [33mWARN: Box low's precision lowered by casting to float32, current low.dtype=float64[0m
  gym.logger.warn(
/usr/local/lib/python3.11/dist-packages/gymnasium/spaces/box.py:297: UserWarning: [33mWARN: Box high's precision lowered by casting to float32, current high.dtype=float64[0m
  gym.logger.warn(
/usr/local/lib/python3.11/dist-packages/gymnasium/spaces/box.py:231: UserWarning: [33mWARN: Box low's precision lowered by casting to float32, current low.dtype=float64[0m
  gym.logger.warn(
/usr/local/lib/python3.11/dist-packages/gymnasium/spaces/box.py:297: UserWarning: [33mWARN: Box high's precision lowered by casting to float32, current high.dtype=float64[0m
  gym.logger.warn(
/usr/local/lib/python3.11/dist-packages/gymnasium/spaces/box.py:231: UserWarning: [33mWARN: Box low's precision lowered by casting to float32, current low.dtype=float64[0m
  gym.logger.warn(
/usr/local/lib/python3.11/dist-packages/gymnasium/spaces/box.py:297: UserWarning: [33mWARN: Box high's precision lowered by casting to float32, current high.dtype=float64[0m
  gym.logger.warn(
/usr/local/lib/python3.11/dist-packages/gymnasium/spaces/box.py:231: UserWarning: [33mWARN: Box low's precision lowered by casting to float32, current low.dtype=float64[0m
  gym.logger.warn(
/usr/local/lib/python3.11/dist-packages/gymnasium/spaces/box.py:297: UserWarning: [33mWARN: Box high's precision lowered by casting to float32, current high.dtype=float64[0m
  gym.logger.warn(
/usr/local/lib/python3.11/dist-packages/gymnasium/spaces/box.py:231: UserWarning: [33mWARN: Box low's precision lowered by casting to float32, current low.dtype=float64[0m
  gym.logger.warn(
/usr/local/lib/python3.11/dist-packages/gymnasium/spaces/box.py:297: UserWarning: [33mWARN: Box high's precision lowered by casting to float32, current high.dtype=float64[0m
  gym.logger.warn(
/usr/local/lib/python3.11/dist-packages/gymnasium/spaces/box.py:231: UserWarning: [33mWARN: Box low's precision lowered by casting to float32, current low.dtype=float64[0m
  gym.logger.warn(
/usr/local/lib/python3.11/dist-packages/gymnasium/spaces/box.py:297: UserWarning: [33mWARN: Box high's precision lowered by casting to float32, current high.dtype=float64[0m
  gym.logger.warn(
/usr/local/lib/python3.11/dist-packages/gymnasium/spaces/box.py:231: UserWarning: [33mWARN: Box low's precision lowered by casting to float32, current low.dtype=float64[0m
  gym.logger.warn(
/usr/local/lib/python3.11/dist-packages/gymnasium/spaces/box.py:297: UserWarning: [33mWARN: Box high's precision lowered by casting to float32, current high.dtype=float64[0m
  gym.logger.warn(
/usr/local/lib/python3.11/dist-packages/gymnasium/spaces/box.py:231: UserWarning: [33mWARN: Box low's precision lowered by casting to float32, current low.dtype=float64[0m
  gym.logger.warn(
/usr/local/lib/python3.11/dist-packages/gymnasium/spaces/box.py:297: UserWarning: [33mWARN: Box high's precision lowered by casting to float32, current high.dtype=float64[0m
  gym.logger.warn(
/usr/local/lib/python3.11/dist-packages/gymnasium/spaces/box.py:231: UserWarning: [33mWARN: Box low's precision lowered by casting to float32, current low.dtype=float64[0m
  gym.logger.warn(
/usr/local/lib/python3.11/dist-packages/gymnasium/spaces/box.py:297: UserWarning: [33mWARN: Box high's precision lowered by casting to float32, current high.dtype=float64[0m
  gym.logger.warn(
/usr/local/lib/python3.11/dist-packages/gymnasium/spaces/box.py:231: UserWarning: [33mWARN: Box low's precision lowered by casting to float32, current low.dtype=float64[0m
  gym.logger.warn(
/usr/local/lib/python3.11/dist-packages/gymnasium/spaces/box.py:297: UserWarning: [33mWARN: Box high's precision lowered by casting to float32, current high.dtype=float64[0m
  gym.logger.warn(
/usr/local/lib/python3.11/dist-packages/gymnasium/spaces/box.py:231: UserWarning: [33mWARN: Box low's precision lowered by casting to float32, current low.dtype=float64[0m
  gym.logger.warn(
/usr/local/lib/python3.11/dist-packages/gymnasium/spaces/box.py:297: UserWarning: [33mWARN: Box high's precision lowered by casting to float32, current high.dtype=float64[0m
  gym.logger.warn(
/usr/local/lib/python3.11/dist-packages/gymnasium/spaces/box.py:231: UserWarning: [33mWARN: Box low's precision lowered by casting to float32, current low.dtype=float64[0m
  gym.logger.warn(
/usr/local/lib/python3.11/dist-packages/gymnasium/spaces/box.py:297: UserWarning: [33mWARN: Box high's precision lowered by casting to float32, current high.dtype=float64[0m
  gym.logger.warn(
/usr/local/lib/python3.11/dist-packages/gymnasium/spaces/box.py:231: UserWarning: [33mWARN: Box low's precision lowered by casting to float32, current low.dtype=float64[0m
  gym.logger.warn(
/usr/local/lib/python3.11/dist-packages/gymnasium/spaces/box.py:297: UserWarning: [33mWARN: Box high's precision lowered by casting to float32, current high.dtype=float64[0m
  gym.logger.warn(
/usr/local/lib/python3.11/dist-packages/gymnasium/spaces/box.py:231: UserWarning: [33mWARN: Box low's precision lowered by casting to float32, current low.dtype=float64[0m
  gym.logger.warn(
/usr/local/lib/python3.11/dist-packages/gymnasium/spaces/box.py:297: UserWarning: [33mWARN: Box high's precision lowered by casting to float32, current high.dtype=float64[0m
  gym.logger.warn(
/usr/local/lib/python3.11/dist-packages/gymnasium/spaces/box.py:231: UserWarning: [33mWARN: Box low's precision lowered by casting to float32, current low.dtype=float64[0m
  gym.logger.warn(
/usr/local/lib/python3.11/dist-packages/gymnasium/spaces/box.py:297: UserWarning: [33mWARN: Box high's precision lowered by casting to float32, current high.dtype=float64[0m
  gym.logger.warn(
/usr/local/lib/python3.11/dist-packages/gymnasium/spaces/box.py:231: UserWarning: [33mWARN: Box low's precision lowered by casting to float32, current low.dtype=float64[0m
  gym.logger.warn(
/usr/local/lib/python3.11/dist-packages/gymnasium/spaces/box.py:297: UserWarning: [33mWARN: Box high's precision lowered by casting to float32, current high.dtype=float64[0m
  gym.logger.warn(
/usr/local/lib/python3.11/dist-packages/gymnasium/spaces/box.py:231: UserWarning: [33mWARN: Box low's precision lowered by casting to float32, current low.dtype=float64[0m
  gym.logger.warn(
/usr/local/lib/python3.11/dist-packages/gymnasium/spaces/box.py:297: UserWarning: [33mWARN: Box high's precision lowered by casting to float32, current high.dtype=float64[0m
  gym.logger.warn(
/usr/local/lib/python3.11/dist-packages/gymnasium/spaces/box.py:231: UserWarning: [33mWARN: Box low's precision lowered by casting to float32, current low.dtype=float64[0m
  gym.logger.warn(
/usr/local/lib/python3.11/dist-packages/gymnasium/spaces/box.py:297: UserWarning: [33mWARN: Box high's precision lowered by casting to float32, current high.dtype=float64[0m
  gym.logger.warn(
/usr/local/lib/python3.11/dist-packages/gymnasium/spaces/box.py:231: UserWarning: [33mWARN: Box low's precision lowered by casting to float32, current low.dtype=float64[0m
  gym.logger.warn(
/usr/local/lib/python3.11/dist-packages/gymnasium/spaces/box.py:297: UserWarning: [33mWARN: Box high's precision lowered by casting to float32, current high.dtype=float64[0m
  gym.logger.warn(
/usr/local/lib/python3.11/dist-packages/gymnasium/spaces/box.py:231: UserWarning: [33mWARN: Box low's precision lowered by casting to float32, current low.dtype=float64[0m
  gym.logger.warn(
/usr/local/lib/python3.11/dist-packages/gymnasium/spaces/box.py:297: UserWarning: [33mWARN: Box high's precision lowered by casting to float32, current high.dtype=float64[0m
  gym.logger.warn(
/usr/local/lib/python3.11/dist-packages/gymnasium/spaces/box.py:231: UserWarning: [33mWARN: Box low's precision lowered by casting to float32, current low.dtype=float64[0m
  gym.logger.warn(
/usr/local/lib/python3.11/dist-packages/gymnasium/spaces/box.py:297: UserWarning: [33mWARN: Box high's precision lowered by casting to float32, current high.dtype=float64[0m
  gym.logger.warn(
/usr/local/lib/python3.11/dist-packages/gymnasium/spaces/box.py:231: UserWarning: [33mWARN: Box low's precision lowered by casting to float32, current low.dtype=float64[0m
  gym.logger.warn(
/usr/local/lib/python3.11/dist-packages/gymnasium/spaces/box.py:297: UserWarning: [33mWARN: Box high's precision lowered by casting to float32, current high.dtype=float64[0m
  gym.logger.warn(
/usr/local/lib/python3.11/dist-packages/gymnasium/spaces/box.py:231: UserWarning: [33mWARN: Box low's precision lowered by casting to float32, current low.dtype=float64[0m
  gym.logger.warn(
/usr/local/lib/python3.11/dist-packages/gymnasium/spaces/box.py:297: UserWarning: [33mWARN: Box high's precision lowered by casting to float32, current high.dtype=float64[0m
  gym.logger.warn(
/usr/local/lib/python3.11/dist-packages/gymnasium/spaces/box.py:231: UserWarning: [33mWARN: Box low's precision lowered by casting to float32, current low.dtype=float64[0m
  gym.logger.warn(
/usr/local/lib/python3.11/dist-packages/gymnasium/spaces/box.py:297: UserWarning: [33mWARN: Box high's precision lowered by casting to float32, current high.dtype=float64[0m
  gym.logger.warn(
/usr/local/lib/python3.11/dist-packages/gymnasium/spaces/box.py:231: UserWarning: [33mWARN: Box low's precision lowered by casting to float32, current low.dtype=float64[0m
  gym.logger.warn(
/usr/local/lib/python3.11/dist-packages/gymnasium/spaces/box.py:297: UserWarning: [33mWARN: Box high's precision lowered by casting to float32, current high.dtype=float64[0m
  gym.logger.warn(
/usr/local/lib/python3.11/dist-packages/gymnasium/spaces/box.py:231: UserWarning: [33mWARN: Box low's precision lowered by casting to float32, current low.dtype=float64[0m
  gym.logger.warn(
/usr/local/lib/python3.11/dist-packages/gymnasium/spaces/box.py:297: UserWarning: [33mWARN: Box high's precision lowered by casting to float32, current high.dtype=float64[0m
  gym.logger.warn(
/usr/local/lib/python3.11/dist-packages/gymnasium/spaces/box.py:231: UserWarning: [33mWARN: Box low's precision lowered by casting to float32, current low.dtype=float64[0m
  gym.logger.warn(
/usr/local/lib/python3.11/dist-packages/gymnasium/spaces/box.py:297: UserWarning: [33mWARN: Box high's precision lowered by casting to float32, current high.dtype=float64[0m
  gym.logger.warn(
/usr/local/lib/python3.11/dist-packages/gymnasium/spaces/box.py:231: UserWarning: [33mWARN: Box low's precision lowered by casting to float32, current low.dtype=float64[0m
  gym.logger.warn(
/usr/local/lib/python3.11/dist-packages/gymnasium/spaces/box.py:297: UserWarning: [33mWARN: Box high's precision lowered by casting to float32, current high.dtype=float64[0m
  gym.logger.warn(
/usr/local/lib/python3.11/dist-packages/gymnasium/spaces/box.py:231: UserWarning: [33mWARN: Box low's precision lowered by casting to float32, current low.dtype=float64[0m
  gym.logger.warn(
/usr/local/lib/python3.11/dist-packages/gymnasium/spaces/box.py:297: UserWarning: [33mWARN: Box high's precision lowered by casting to float32, current high.dtype=float64[0m
  gym.logger.warn(
/usr/local/lib/python3.11/dist-packages/gymnasium/spaces/box.py:231: UserWarning: [33mWARN: Box low's precision lowered by casting to float32, current low.dtype=float64[0m
  gym.logger.warn(
/usr/local/lib/python3.11/dist-packages/gymnasium/spaces/box.py:297: UserWarning: [33mWARN: Box high's precision lowered by casting to float32, current high.dtype=float64[0m
  gym.logger.warn(
/usr/local/lib/python3.11/dist-packages/gymnasium/spaces/box.py:231: UserWarning: [33mWARN: Box low's precision lowered by casting to float32, current low.dtype=float64[0m
  gym.logger.warn(
/usr/local/lib/python3.11/dist-packages/gymnasium/spaces/box.py:297: UserWarning: [33mWARN: Box high's precision lowered by casting to float32, current high.dtype=float64[0m
  gym.logger.warn(
/usr/local/lib/python3.11/dist-packages/gymnasium/spaces/box.py:231: UserWarning: [33mWARN: Box low's precision lowered by casting to float32, current low.dtype=float64[0m
  gym.logger.warn(
/usr/local/lib/python3.11/dist-packages/gymnasium/spaces/box.py:297: UserWarning: [33mWARN: Box high's precision lowered by casting to float32, current high.dtype=float64[0m
  gym.logger.warn(
/usr/local/lib/python3.11/dist-packages/gymnasium/spaces/box.py:231: UserWarning: [33mWARN: Box low's precision lowered by casting to float32, current low.dtype=float64[0m
  gym.logger.warn(
/usr/local/lib/python3.11/dist-packages/gymnasium/spaces/box.py:297: UserWarning: [33mWARN: Box high's precision lowered by casting to float32, current high.dtype=float64[0m
  gym.logger.warn(
/usr/local/lib/python3.11/dist-packages/gymnasium/spaces/box.py:231: UserWarning: [33mWARN: Box low's precision lowered by casting to float32, current low.dtype=float64[0m
  gym.logger.warn(
/usr/local/lib/python3.11/dist-packages/gymnasium/spaces/box.py:297: UserWarning: [33mWARN: Box high's precision lowered by casting to float32, current high.dtype=float64[0m
  gym.logger.warn(
/usr/local/lib/python3.11/dist-packages/gymnasium/spaces/box.py:231: UserWarning: [33mWARN: Box low's precision lowered by casting to float32, current low.dtype=float64[0m
  gym.logger.warn(
/usr/local/lib/python3.11/dist-packages/gymnasium/spaces/box.py:297: UserWarning: [33mWARN: Box high's precision lowered by casting to float32, current high.dtype=float64[0m
  gym.logger.warn(
/usr/local/lib/python3.11/dist-packages/gymnasium/spaces/box.py:231: UserWarning: [33mWARN: Box low's precision lowered by casting to float32, current low.dtype=float64[0m
  gym.logger.warn(
/usr/local/lib/python3.11/dist-packages/gymnasium/spaces/box.py:297: UserWarning: [33mWARN: Box high's precision lowered by casting to float32, current high.dtype=float64[0m
  gym.logger.warn(
/usr/local/lib/python3.11/dist-packages/gymnasium/spaces/box.py:231: UserWarning: [33mWARN: Box low's precision lowered by casting to float32, current low.dtype=float64[0m
  gym.logger.warn(
/usr/local/lib/python3.11/dist-packages/gymnasium/spaces/box.py:297: UserWarning: [33mWARN: Box high's precision lowered by casting to float32, current high.dtype=float64[0m
  gym.logger.warn(
/usr/local/lib/python3.11/dist-packages/gymnasium/spaces/box.py:231: UserWarning: [33mWARN: Box low's precision lowered by casting to float32, current low.dtype=float64[0m
  gym.logger.warn(
/usr/local/lib/python3.11/dist-packages/gymnasium/spaces/box.py:297: UserWarning: [33mWARN: Box high's precision lowered by casting to float32, current high.dtype=float64[0m
  gym.logger.warn(
/usr/local/lib/python3.11/dist-packages/gymnasium/spaces/box.py:231: UserWarning: [33mWARN: Box low's precision lowered by casting to float32, current low.dtype=float64[0m
  gym.logger.warn(
/usr/local/lib/python3.11/dist-packages/gymnasium/spaces/box.py:297: UserWarning: [33mWARN: Box high's precision lowered by casting to float32, current high.dtype=float64[0m
  gym.logger.warn(
/usr/local/lib/python3.11/dist-packages/gymnasium/spaces/box.py:231: UserWarning: [33mWARN: Box low's precision lowered by casting to float32, current low.dtype=float64[0m
  gym.logger.warn(
/usr/local/lib/python3.11/dist-packages/gymnasium/spaces/box.py:297: UserWarning: [33mWARN: Box high's precision lowered by casting to float32, current high.dtype=float64[0m
  gym.logger.warn(
/usr/local/lib/python3.11/dist-packages/gymnasium/spaces/box.py:231: UserWarning: [33mWARN: Box low's precision lowered by casting to float32, current low.dtype=float64[0m
  gym.logger.warn(
/usr/local/lib/python3.11/dist-packages/gymnasium/spaces/box.py:297: UserWarning: [33mWARN: Box high's precision lowered by casting to float32, current high.dtype=float64[0m
  gym.logger.warn(
/usr/local/lib/python3.11/dist-packages/gymnasium/spaces/box.py:231: UserWarning: [33mWARN: Box low's precision lowered by casting to float32, current low.dtype=float64[0m
  gym.logger.warn(
/usr/local/lib/python3.11/dist-packages/gymnasium/spaces/box.py:297: UserWarning: [33mWARN: Box high's precision lowered by casting to float32, current high.dtype=float64[0m
  gym.logger.warn(
/usr/local/lib/python3.11/dist-packages/gymnasium/spaces/box.py:231: UserWarning: [33mWARN: Box low's precision lowered by casting to float32, current low.dtype=float64[0m
  gym.logger.warn(
/usr/local/lib/python3.11/dist-packages/gymnasium/spaces/box.py:297: UserWarning: [33mWARN: Box high's precision lowered by casting to float32, current high.dtype=float64[0m
  gym.logger.warn(
/usr/local/lib/python3.11/dist-packages/gymnasium/spaces/box.py:231: UserWarning: [33mWARN: Box low's precision lowered by casting to float32, current low.dtype=float64[0m
  gym.logger.warn(
/usr/local/lib/python3.11/dist-packages/gymnasium/spaces/box.py:297: UserWarning: [33mWARN: Box high's precision lowered by casting to float32, current high.dtype=float64[0m
  gym.logger.warn(
/usr/local/lib/python3.11/dist-packages/gymnasium/spaces/box.py:231: UserWarning: [33mWARN: Box low's precision lowered by casting to float32, current low.dtype=float64[0m
  gym.logger.warn(
/usr/local/lib/python3.11/dist-packages/gymnasium/spaces/box.py:297: UserWarning: [33mWARN: Box high's precision lowered by casting to float32, current high.dtype=float64[0m
  gym.logger.warn(
/usr/local/lib/python3.11/dist-packages/gymnasium/spaces/box.py:231: UserWarning: [33mWARN: Box low's precision lowered by casting to float32, current low.dtype=float64[0m
  gym.logger.warn(
/usr/local/lib/python3.11/dist-packages/gymnasium/spaces/box.py:297: UserWarning: [33mWARN: Box high's precision lowered by casting to float32, current high.dtype=float64[0m
  gym.logger.warn(
/usr/local/lib/python3.11/dist-packages/gymnasium/spaces/box.py:231: UserWarning: [33mWARN: Box low's precision lowered by casting to float32, current low.dtype=float64[0m
  gym.logger.warn(
/usr/local/lib/python3.11/dist-packages/gymnasium/spaces/box.py:297: UserWarning: [33mWARN: Box high's precision lowered by casting to float32, current high.dtype=float64[0m
  gym.logger.warn(
/usr/local/lib/python3.11/dist-packages/gymnasium/spaces/box.py:231: UserWarning: [33mWARN: Box low's precision lowered by casting to float32, current low.dtype=float64[0m
  gym.logger.warn(
/usr/local/lib/python3.11/dist-packages/gymnasium/spaces/box.py:297: UserWarning: [33mWARN: Box high's precision lowered by casting to float32, current high.dtype=float64[0m
  gym.logger.warn(
/usr/local/lib/python3.11/dist-packages/gymnasium/spaces/box.py:231: UserWarning: [33mWARN: Box low's precision lowered by casting to float32, current low.dtype=float64[0m
  gym.logger.warn(
/usr/local/lib/python3.11/dist-packages/gymnasium/spaces/box.py:297: UserWarning: [33mWARN: Box high's precision lowered by casting to float32, current high.dtype=float64[0m
  gym.logger.warn(
/usr/local/lib/python3.11/dist-packages/gymnasium/spaces/box.py:231: UserWarning: [33mWARN: Box low's precision lowered by casting to float32, current low.dtype=float64[0m
  gym.logger.warn(
/usr/local/lib/python3.11/dist-packages/gymnasium/spaces/box.py:297: UserWarning: [33mWARN: Box high's precision lowered by casting to float32, current high.dtype=float64[0m
  gym.logger.warn(
/usr/local/lib/python3.11/dist-packages/gymnasium/spaces/box.py:231: UserWarning: [33mWARN: Box low's precision lowered by casting to float32, current low.dtype=float64[0m
  gym.logger.warn(
/usr/local/lib/python3.11/dist-packages/gymnasium/spaces/box.py:297: UserWarning: [33mWARN: Box high's precision lowered by casting to float32, current high.dtype=float64[0m
  gym.logger.warn(
/usr/local/lib/python3.11/dist-packages/gymnasium/spaces/box.py:231: UserWarning: [33mWARN: Box low's precision lowered by casting to float32, current low.dtype=float64[0m
  gym.logger.warn(
/usr/local/lib/python3.11/dist-packages/gymnasium/spaces/box.py:297: UserWarning: [33mWARN: Box high's precision lowered by casting to float32, current high.dtype=float64[0m
  gym.logger.warn(
/usr/local/lib/python3.11/dist-packages/gymnasium/spaces/box.py:231: UserWarning: [33mWARN: Box low's precision lowered by casting to float32, current low.dtype=float64[0m
  gym.logger.warn(
/usr/local/lib/python3.11/dist-packages/gymnasium/spaces/box.py:297: UserWarning: [33mWARN: Box high's precision lowered by casting to float32, current high.dtype=float64[0m
  gym.logger.warn(
/usr/local/lib/python3.11/dist-packages/gymnasium/spaces/box.py:231: UserWarning: [33mWARN: Box low's precision lowered by casting to float32, current low.dtype=float64[0m
  gym.logger.warn(
/usr/local/lib/python3.11/dist-packages/gymnasium/spaces/box.py:297: UserWarning: [33mWARN: Box high's precision lowered by casting to float32, current high.dtype=float64[0m
  gym.logger.warn(
/usr/local/lib/python3.11/dist-packages/gymnasium/spaces/box.py:231: UserWarning: [33mWARN: Box low's precision lowered by casting to float32, current low.dtype=float64[0m
  gym.logger.warn(
/usr/local/lib/python3.11/dist-packages/gymnasium/spaces/box.py:297: UserWarning: [33mWARN: Box high's precision lowered by casting to float32, current high.dtype=float64[0m
  gym.logger.warn(
/usr/local/lib/python3.11/dist-packages/gymnasium/spaces/box.py:231: UserWarning: [33mWARN: Box low's precision lowered by casting to float32, current low.dtype=float64[0m
  gym.logger.warn(
/usr/local/lib/python3.11/dist-packages/gymnasium/spaces/box.py:297: UserWarning: [33mWARN: Box high's precision lowered by casting to float32, current high.dtype=float64[0m
  gym.logger.warn(
/usr/local/lib/python3.11/dist-packages/gymnasium/spaces/box.py:231: UserWarning: [33mWARN: Box low's precision lowered by casting to float32, current low.dtype=float64[0m
  gym.logger.warn(
/usr/local/lib/python3.11/dist-packages/gymnasium/spaces/box.py:297: UserWarning: [33mWARN: Box high's precision lowered by casting to float32, current high.dtype=float64[0m
  gym.logger.warn(
/usr/local/lib/python3.11/dist-packages/gymnasium/spaces/box.py:231: UserWarning: [33mWARN: Box low's precision lowered by casting to float32, current low.dtype=float64[0m
  gym.logger.warn(
/usr/local/lib/python3.11/dist-packages/gymnasium/spaces/box.py:297: UserWarning: [33mWARN: Box high's precision lowered by casting to float32, current high.dtype=float64[0m
  gym.logger.warn(
/usr/local/lib/python3.11/dist-packages/gymnasium/spaces/box.py:231: UserWarning: [33mWARN: Box low's precision lowered by casting to float32, current low.dtype=float64[0m
  gym.logger.warn(
/usr/local/lib/python3.11/dist-packages/gymnasium/spaces/box.py:297: UserWarning: [33mWARN: Box high's precision lowered by casting to float32, current high.dtype=float64[0m
  gym.logger.warn(
/usr/local/lib/python3.11/dist-packages/gymnasium/spaces/box.py:231: UserWarning: [33mWARN: Box low's precision lowered by casting to float32, current low.dtype=float64[0m
  gym.logger.warn(
/usr/local/lib/python3.11/dist-packages/gymnasium/spaces/box.py:297: UserWarning: [33mWARN: Box high's precision lowered by casting to float32, current high.dtype=float64[0m
  gym.logger.warn(
/usr/local/lib/python3.11/dist-packages/gymnasium/spaces/box.py:231: UserWarning: [33mWARN: Box low's precision lowered by casting to float32, current low.dtype=float64[0m
  gym.logger.warn(
/usr/local/lib/python3.11/dist-packages/gymnasium/spaces/box.py:297: UserWarning: [33mWARN: Box high's precision lowered by casting to float32, current high.dtype=float64[0m
  gym.logger.warn(
/usr/local/lib/python3.11/dist-packages/gymnasium/spaces/box.py:231: UserWarning: [33mWARN: Box low's precision lowered by casting to float32, current low.dtype=float64[0m
  gym.logger.warn(
/usr/local/lib/python3.11/dist-packages/gymnasium/spaces/box.py:297: UserWarning: [33mWARN: Box high's precision lowered by casting to float32, current high.dtype=float64[0m
  gym.logger.warn(
/usr/local/lib/python3.11/dist-packages/gymnasium/spaces/box.py:231: UserWarning: [33mWARN: Box low's precision lowered by casting to float32, current low.dtype=float64[0m
  gym.logger.warn(
/usr/local/lib/python3.11/dist-packages/gymnasium/spaces/box.py:297: UserWarning: [33mWARN: Box high's precision lowered by casting to float32, current high.dtype=float64[0m
  gym.logger.warn(
/usr/local/lib/python3.11/dist-packages/gymnasium/spaces/box.py:231: UserWarning: [33mWARN: Box low's precision lowered by casting to float32, current low.dtype=float64[0m
  gym.logger.warn(
/usr/local/lib/python3.11/dist-packages/gymnasium/spaces/box.py:297: UserWarning: [33mWARN: Box high's precision lowered by casting to float32, current high.dtype=float64[0m
  gym.logger.warn(
/usr/local/lib/python3.11/dist-packages/gymnasium/spaces/box.py:231: UserWarning: [33mWARN: Box low's precision lowered by casting to float32, current low.dtype=float64[0m
  gym.logger.warn(
/usr/local/lib/python3.11/dist-packages/gymnasium/spaces/box.py:297: UserWarning: [33mWARN: Box high's precision lowered by casting to float32, current high.dtype=float64[0m
  gym.logger.warn(
/usr/local/lib/python3.11/dist-packages/gymnasium/spaces/box.py:231: UserWarning: [33mWARN: Box low's precision lowered by casting to float32, current low.dtype=float64[0m
  gym.logger.warn(
/usr/local/lib/python3.11/dist-packages/gymnasium/spaces/box.py:297: UserWarning: [33mWARN: Box high's precision lowered by casting to float32, current high.dtype=float64[0m
  gym.logger.warn(
/usr/local/lib/python3.11/dist-packages/gymnasium/spaces/box.py:231: UserWarning: [33mWARN: Box low's precision lowered by casting to float32, current low.dtype=float64[0m
  gym.logger.warn(
/usr/local/lib/python3.11/dist-packages/gymnasium/spaces/box.py:297: UserWarning: [33mWARN: Box high's precision lowered by casting to float32, current high.dtype=float64[0m
  gym.logger.warn(
/usr/local/lib/python3.11/dist-packages/gymnasium/spaces/box.py:231: UserWarning: [33mWARN: Box low's precision lowered by casting to float32, current low.dtype=float64[0m
  gym.logger.warn(
/usr/local/lib/python3.11/dist-packages/gymnasium/spaces/box.py:297: UserWarning: [33mWARN: Box high's precision lowered by casting to float32, current high.dtype=float64[0m
  gym.logger.warn(
/usr/local/lib/python3.11/dist-packages/gymnasium/spaces/box.py:231: UserWarning: [33mWARN: Box low's precision lowered by casting to float32, current low.dtype=float64[0m
  gym.logger.warn(
/usr/local/lib/python3.11/dist-packages/gymnasium/spaces/box.py:297: UserWarning: [33mWARN: Box high's precision lowered by casting to float32, current high.dtype=float64[0m
  gym.logger.warn(
/usr/local/lib/python3.11/dist-packages/gymnasium/spaces/box.py:231: UserWarning: [33mWARN: Box low's precision lowered by casting to float32, current low.dtype=float64[0m
  gym.logger.warn(
/usr/local/lib/python3.11/dist-packages/gymnasium/spaces/box.py:297: UserWarning: [33mWARN: Box high's precision lowered by casting to float32, current high.dtype=float64[0m
  gym.logger.warn(
/usr/local/lib/python3.11/dist-packages/gymnasium/spaces/box.py:231: UserWarning: [33mWARN: Box low's precision lowered by casting to float32, current low.dtype=float64[0m
  gym.logger.warn(
/usr/local/lib/python3.11/dist-packages/gymnasium/spaces/box.py:297: UserWarning: [33mWARN: Box high's precision lowered by casting to float32, current high.dtype=float64[0m
  gym.logger.warn(
/usr/local/lib/python3.11/dist-packages/gymnasium/spaces/box.py:231: UserWarning: [33mWARN: Box low's precision lowered by casting to float32, current low.dtype=float64[0m
  gym.logger.warn(
/usr/local/lib/python3.11/dist-packages/gymnasium/spaces/box.py:297: UserWarning: [33mWARN: Box high's precision lowered by casting to float32, current high.dtype=float64[0m
  gym.logger.warn(
/usr/local/lib/python3.11/dist-packages/gymnasium/spaces/box.py:231: UserWarning: [33mWARN: Box low's precision lowered by casting to float32, current low.dtype=float64[0m
  gym.logger.warn(
/usr/local/lib/python3.11/dist-packages/gymnasium/spaces/box.py:297: UserWarning: [33mWARN: Box high's precision lowered by casting to float32, current high.dtype=float64[0m
  gym.logger.warn(
/usr/local/lib/python3.11/dist-packages/gymnasium/spaces/box.py:231: UserWarning: [33mWARN: Box low's precision lowered by casting to float32, current low.dtype=float64[0m
  gym.logger.warn(
/usr/local/lib/python3.11/dist-packages/gymnasium/spaces/box.py:297: UserWarning: [33mWARN: Box high's precision lowered by casting to float32, current high.dtype=float64[0m
  gym.logger.warn(
/usr/local/lib/python3.11/dist-packages/gymnasium/spaces/box.py:231: UserWarning: [33mWARN: Box low's precision lowered by casting to float32, current low.dtype=float64[0m
  gym.logger.warn(
/usr/local/lib/python3.11/dist-packages/gymnasium/spaces/box.py:297: UserWarning: [33mWARN: Box high's precision lowered by casting to float32, current high.dtype=float64[0m
  gym.logger.warn(
/usr/local/lib/python3.11/dist-packages/gymnasium/spaces/box.py:231: UserWarning: [33mWARN: Box low's precision lowered by casting to float32, current low.dtype=float64[0m
  gym.logger.warn(
/usr/local/lib/python3.11/dist-packages/gymnasium/spaces/box.py:297: UserWarning: [33mWARN: Box high's precision lowered by casting to float32, current high.dtype=float64[0m
  gym.logger.warn(
/usr/local/lib/python3.11/dist-packages/gymnasium/spaces/box.py:231: UserWarning: [33mWARN: Box low's precision lowered by casting to float32, current low.dtype=float64[0m
  gym.logger.warn(
/usr/local/lib/python3.11/dist-packages/gymnasium/spaces/box.py:297: UserWarning: [33mWARN: Box high's precision lowered by casting to float32, current high.dtype=float64[0m
  gym.logger.warn(
/usr/local/lib/python3.11/dist-packages/gymnasium/spaces/box.py:231: UserWarning: [33mWARN: Box low's precision lowered by casting to float32, current low.dtype=float64[0m
  gym.logger.warn(
/usr/local/lib/python3.11/dist-packages/gymnasium/spaces/box.py:297: UserWarning: [33mWARN: Box high's precision lowered by casting to float32, current high.dtype=float64[0m
  gym.logger.warn(
/usr/local/lib/python3.11/dist-packages/gymnasium/spaces/box.py:231: UserWarning: [33mWARN: Box low's precision lowered by casting to float32, current low.dtype=float64[0m
  gym.logger.warn(
/usr/local/lib/python3.11/dist-packages/gymnasium/spaces/box.py:297: UserWarning: [33mWARN: Box high's precision lowered by casting to float32, current high.dtype=float64[0m
  gym.logger.warn(
/usr/local/lib/python3.11/dist-packages/gymnasium/spaces/box.py:231: UserWarning: [33mWARN: Box low's precision lowered by casting to float32, current low.dtype=float64[0m
  gym.logger.warn(
/usr/local/lib/python3.11/dist-packages/gymnasium/spaces/box.py:297: UserWarning: [33mWARN: Box high's precision lowered by casting to float32, current high.dtype=float64[0m
  gym.logger.warn(
/usr/local/lib/python3.11/dist-packages/gymnasium/spaces/box.py:231: UserWarning: [33mWARN: Box low's precision lowered by casting to float32, current low.dtype=float64[0m
  gym.logger.warn(
/usr/local/lib/python3.11/dist-packages/gymnasium/spaces/box.py:297: UserWarning: [33mWARN: Box high's precision lowered by casting to float32, current high.dtype=float64[0m
  gym.logger.warn(
/usr/local/lib/python3.11/dist-packages/gymnasium/spaces/box.py:231: UserWarning: [33mWARN: Box low's precision lowered by casting to float32, current low.dtype=float64[0m
  gym.logger.warn(
/usr/local/lib/python3.11/dist-packages/gymnasium/spaces/box.py:297: UserWarning: [33mWARN: Box high's precision lowered by casting to float32, current high.dtype=float64[0m
  gym.logger.warn(
/usr/local/lib/python3.11/dist-packages/gymnasium/spaces/box.py:231: UserWarning: [33mWARN: Box low's precision lowered by casting to float32, current low.dtype=float64[0m
  gym.logger.warn(
/usr/local/lib/python3.11/dist-packages/gymnasium/spaces/box.py:297: UserWarning: [33mWARN: Box high's precision lowered by casting to float32, current high.dtype=float64[0m
  gym.logger.warn(
/usr/local/lib/python3.11/dist-packages/gymnasium/spaces/box.py:231: UserWarning: [33mWARN: Box low's precision lowered by casting to float32, current low.dtype=float64[0m
  gym.logger.warn(
/usr/local/lib/python3.11/dist-packages/gymnasium/spaces/box.py:297: UserWarning: [33mWARN: Box high's precision lowered by casting to float32, current high.dtype=float64[0m
  gym.logger.warn(
/usr/local/lib/python3.11/dist-packages/gymnasium/spaces/box.py:231: UserWarning: [33mWARN: Box low's precision lowered by casting to float32, current low.dtype=float64[0m
  gym.logger.warn(
/usr/local/lib/python3.11/dist-packages/gymnasium/spaces/box.py:297: UserWarning: [33mWARN: Box high's precision lowered by casting to float32, current high.dtype=float64[0m
  gym.logger.warn(
/usr/local/lib/python3.11/dist-packages/gymnasium/spaces/box.py:231: UserWarning: [33mWARN: Box low's precision lowered by casting to float32, current low.dtype=float64[0m
  gym.logger.warn(
/usr/local/lib/python3.11/dist-packages/gymnasium/spaces/box.py:297: UserWarning: [33mWARN: Box high's precision lowered by casting to float32, current high.dtype=float64[0m
  gym.logger.warn(
/usr/local/lib/python3.11/dist-packages/gymnasium/spaces/box.py:231: UserWarning: [33mWARN: Box low's precision lowered by casting to float32, current low.dtype=float64[0m
  gym.logger.warn(
/usr/local/lib/python3.11/dist-packages/gymnasium/spaces/box.py:297: UserWarning: [33mWARN: Box high's precision lowered by casting to float32, current high.dtype=float64[0m
  gym.logger.warn(
/usr/local/lib/python3.11/dist-packages/gymnasium/spaces/box.py:231: UserWarning: [33mWARN: Box low's precision lowered by casting to float32, current low.dtype=float64[0m
  gym.logger.warn(
/usr/local/lib/python3.11/dist-packages/gymnasium/spaces/box.py:297: UserWarning: [33mWARN: Box high's precision lowered by casting to float32, current high.dtype=float64[0m
  gym.logger.warn(
/usr/local/lib/python3.11/dist-packages/gymnasium/spaces/box.py:231: UserWarning: [33mWARN: Box low's precision lowered by casting to float32, current low.dtype=float64[0m
  gym.logger.warn(
/usr/local/lib/python3.11/dist-packages/gymnasium/spaces/box.py:297: UserWarning: [33mWARN: Box high's precision lowered by casting to float32, current high.dtype=float64[0m
  gym.logger.warn(
/usr/local/lib/python3.11/dist-packages/gymnasium/spaces/box.py:231: UserWarning: [33mWARN: Box low's precision lowered by casting to float32, current low.dtype=float64[0m
  gym.logger.warn(
/usr/local/lib/python3.11/dist-packages/gymnasium/spaces/box.py:297: UserWarning: [33mWARN: Box high's precision lowered by casting to float32, current high.dtype=float64[0m
  gym.logger.warn(
/usr/local/lib/python3.11/dist-packages/gymnasium/spaces/box.py:231: UserWarning: [33mWARN: Box low's precision lowered by casting to float32, current low.dtype=float64[0m
  gym.logger.warn(
/usr/local/lib/python3.11/dist-packages/gymnasium/spaces/box.py:297: UserWarning: [33mWARN: Box high's precision lowered by casting to float32, current high.dtype=float64[0m
  gym.logger.warn(
/usr/local/lib/python3.11/dist-packages/gymnasium/spaces/box.py:231: UserWarning: [33mWARN: Box low's precision lowered by casting to float32, current low.dtype=float64[0m
  gym.logger.warn(
/usr/local/lib/python3.11/dist-packages/gymnasium/spaces/box.py:297: UserWarning: [33mWARN: Box high's precision lowered by casting to float32, current high.dtype=float64[0m
  gym.logger.warn(
/usr/local/lib/python3.11/dist-packages/gymnasium/spaces/box.py:231: UserWarning: [33mWARN: Box low's precision lowered by casting to float32, current low.dtype=float64[0m
  gym.logger.warn(
/usr/local/lib/python3.11/dist-packages/gymnasium/spaces/box.py:297: UserWarning: [33mWARN: Box high's precision lowered by casting to float32, current high.dtype=float64[0m
  gym.logger.warn(
/usr/local/lib/python3.11/dist-packages/gymnasium/spaces/box.py:231: UserWarning: [33mWARN: Box low's precision lowered by casting to float32, current low.dtype=float64[0m
  gym.logger.warn(
/usr/local/lib/python3.11/dist-packages/gymnasium/spaces/box.py:297: UserWarning: [33mWARN: Box high's precision lowered by casting to float32, current high.dtype=float64[0m
  gym.logger.warn(
/usr/local/lib/python3.11/dist-packages/gymnasium/spaces/box.py:231: UserWarning: [33mWARN: Box low's precision lowered by casting to float32, current low.dtype=float64[0m
  gym.logger.warn(
/usr/local/lib/python3.11/dist-packages/gymnasium/spaces/box.py:297: UserWarning: [33mWARN: Box high's precision lowered by casting to float32, current high.dtype=float64[0m
  gym.logger.warn(
/usr/local/lib/python3.11/dist-packages/gymnasium/spaces/box.py:231: UserWarning: [33mWARN: Box low's precision lowered by casting to float32, current low.dtype=float64[0m
  gym.logger.warn(
/usr/local/lib/python3.11/dist-packages/gymnasium/spaces/box.py:297: UserWarning: [33mWARN: Box high's precision lowered by casting to float32, current high.dtype=float64[0m
  gym.logger.warn(
/usr/local/lib/python3.11/dist-packages/gymnasium/spaces/box.py:231: UserWarning: [33mWARN: Box low's precision lowered by casting to float32, current low.dtype=float64[0m
  gym.logger.warn(
/usr/local/lib/python3.11/dist-packages/gymnasium/spaces/box.py:297: UserWarning: [33mWARN: Box high's precision lowered by casting to float32, current high.dtype=float64[0m
  gym.logger.warn(
/usr/local/lib/python3.11/dist-packages/gymnasium/spaces/box.py:231: UserWarning: [33mWARN: Box low's precision lowered by casting to float32, current low.dtype=float64[0m
  gym.logger.warn(
/usr/local/lib/python3.11/dist-packages/gymnasium/spaces/box.py:297: UserWarning: [33mWARN: Box high's precision lowered by casting to float32, current high.dtype=float64[0m
  gym.logger.warn(
/usr/local/lib/python3.11/dist-packages/gymnasium/spaces/box.py:231: UserWarning: [33mWARN: Box low's precision lowered by casting to float32, current low.dtype=float64[0m
  gym.logger.warn(
/usr/local/lib/python3.11/dist-packages/gymnasium/spaces/box.py:297: UserWarning: [33mWARN: Box high's precision lowered by casting to float32, current high.dtype=float64[0m
  gym.logger.warn(
/usr/local/lib/python3.11/dist-packages/gymnasium/spaces/box.py:231: UserWarning: [33mWARN: Box low's precision lowered by casting to float32, current low.dtype=float64[0m
  gym.logger.warn(
/usr/local/lib/python3.11/dist-packages/gymnasium/spaces/box.py:297: UserWarning: [33mWARN: Box high's precision lowered by casting to float32, current high.dtype=float64[0m
  gym.logger.warn(
/usr/local/lib/python3.11/dist-packages/gymnasium/spaces/box.py:231: UserWarning: [33mWARN: Box low's precision lowered by casting to float32, current low.dtype=float64[0m
  gym.logger.warn(
/usr/local/lib/python3.11/dist-packages/gymnasium/spaces/box.py:297: UserWarning: [33mWARN: Box high's precision lowered by casting to float32, current high.dtype=float64[0m
  gym.logger.warn(
/usr/local/lib/python3.11/dist-packages/gymnasium/spaces/box.py:231: UserWarning: [33mWARN: Box low's precision lowered by casting to float32, current low.dtype=float64[0m
  gym.logger.warn(
/usr/local/lib/python3.11/dist-packages/gymnasium/spaces/box.py:297: UserWarning: [33mWARN: Box high's precision lowered by casting to float32, current high.dtype=float64[0m
  gym.logger.warn(
/usr/local/lib/python3.11/dist-packages/gymnasium/spaces/box.py:231: UserWarning: [33mWARN: Box low's precision lowered by casting to float32, current low.dtype=float64[0m
  gym.logger.warn(
/usr/local/lib/python3.11/dist-packages/gymnasium/spaces/box.py:297: UserWarning: [33mWARN: Box high's precision lowered by casting to float32, current high.dtype=float64[0m
  gym.logger.warn(
/usr/local/lib/python3.11/dist-packages/gymnasium/spaces/box.py:231: UserWarning: [33mWARN: Box low's precision lowered by casting to float32, current low.dtype=float64[0m
  gym.logger.warn(
/usr/local/lib/python3.11/dist-packages/gymnasium/spaces/box.py:297: UserWarning: [33mWARN: Box high's precision lowered by casting to float32, current high.dtype=float64[0m
  gym.logger.warn(
/usr/local/lib/python3.11/dist-packages/gymnasium/spaces/box.py:231: UserWarning: [33mWARN: Box low's precision lowered by casting to float32, current low.dtype=float64[0m
  gym.logger.warn(
/usr/local/lib/python3.11/dist-packages/gymnasium/spaces/box.py:297: UserWarning: [33mWARN: Box high's precision lowered by casting to float32, current high.dtype=float64[0m
  gym.logger.warn(
/usr/local/lib/python3.11/dist-packages/gymnasium/spaces/box.py:231: UserWarning: [33mWARN: Box low's precision lowered by casting to float32, current low.dtype=float64[0m
  gym.logger.warn(
/usr/local/lib/python3.11/dist-packages/gymnasium/spaces/box.py:297: UserWarning: [33mWARN: Box high's precision lowered by casting to float32, current high.dtype=float64[0m
  gym.logger.warn(
/usr/local/lib/python3.11/dist-packages/gymnasium/spaces/box.py:231: UserWarning: [33mWARN: Box low's precision lowered by casting to float32, current low.dtype=float64[0m
  gym.logger.warn(
/usr/local/lib/python3.11/dist-packages/gymnasium/spaces/box.py:297: UserWarning: [33mWARN: Box high's precision lowered by casting to float32, current high.dtype=float64[0m
  gym.logger.warn(
/usr/local/lib/python3.11/dist-packages/gymnasium/spaces/box.py:231: UserWarning: [33mWARN: Box low's precision lowered by casting to float32, current low.dtype=float64[0m
  gym.logger.warn(
/usr/local/lib/python3.11/dist-packages/gymnasium/spaces/box.py:297: UserWarning: [33mWARN: Box high's precision lowered by casting to float32, current high.dtype=float64[0m
  gym.logger.warn(
/usr/local/lib/python3.11/dist-packages/gymnasium/spaces/box.py:231: UserWarning: [33mWARN: Box low's precision lowered by casting to float32, current low.dtype=float64[0m
  gym.logger.warn(
/usr/local/lib/python3.11/dist-packages/gymnasium/spaces/box.py:297: UserWarning: [33mWARN: Box high's precision lowered by casting to float32, current high.dtype=float64[0m
  gym.logger.warn(
/usr/local/lib/python3.11/dist-packages/gymnasium/spaces/box.py:231: UserWarning: [33mWARN: Box low's precision lowered by casting to float32, current low.dtype=float64[0m
  gym.logger.warn(
/usr/local/lib/python3.11/dist-packages/gymnasium/spaces/box.py:297: UserWarning: [33mWARN: Box high's precision lowered by casting to float32, current high.dtype=float64[0m
  gym.logger.warn(
/usr/local/lib/python3.11/dist-packages/gymnasium/spaces/box.py:231: UserWarning: [33mWARN: Box low's precision lowered by casting to float32, current low.dtype=float64[0m
  gym.logger.warn(
/usr/local/lib/python3.11/dist-packages/gymnasium/spaces/box.py:297: UserWarning: [33mWARN: Box high's precision lowered by casting to float32, current high.dtype=float64[0m
  gym.logger.warn(
/usr/local/lib/python3.11/dist-packages/gymnasium/spaces/box.py:231: UserWarning: [33mWARN: Box low's precision lowered by casting to float32, current low.dtype=float64[0m
  gym.logger.warn(
/usr/local/lib/python3.11/dist-packages/gymnasium/spaces/box.py:297: UserWarning: [33mWARN: Box high's precision lowered by casting to float32, current high.dtype=float64[0m
  gym.logger.warn(
/usr/local/lib/python3.11/dist-packages/gymnasium/spaces/box.py:231: UserWarning: [33mWARN: Box low's precision lowered by casting to float32, current low.dtype=float64[0m
  gym.logger.warn(
/usr/local/lib/python3.11/dist-packages/gymnasium/spaces/box.py:297: UserWarning: [33mWARN: Box high's precision lowered by casting to float32, current high.dtype=float64[0m
  gym.logger.warn(
/usr/local/lib/python3.11/dist-packages/gymnasium/spaces/box.py:231: UserWarning: [33mWARN: Box low's precision lowered by casting to float32, current low.dtype=float64[0m
  gym.logger.warn(
/usr/local/lib/python3.11/dist-packages/gymnasium/spaces/box.py:297: UserWarning: [33mWARN: Box high's precision lowered by casting to float32, current high.dtype=float64[0m
  gym.logger.warn(
/usr/local/lib/python3.11/dist-packages/gymnasium/spaces/box.py:231: UserWarning: [33mWARN: Box low's precision lowered by casting to float32, current low.dtype=float64[0m
  gym.logger.warn(
/usr/local/lib/python3.11/dist-packages/gymnasium/spaces/box.py:297: UserWarning: [33mWARN: Box high's precision lowered by casting to float32, current high.dtype=float64[0m
  gym.logger.warn(
/usr/local/lib/python3.11/dist-packages/gymnasium/spaces/box.py:231: UserWarning: [33mWARN: Box low's precision lowered by casting to float32, current low.dtype=float64[0m
  gym.logger.warn(
/usr/local/lib/python3.11/dist-packages/gymnasium/spaces/box.py:297: UserWarning: [33mWARN: Box high's precision lowered by casting to float32, current high.dtype=float64[0m
  gym.logger.warn(
/usr/local/lib/python3.11/dist-packages/gymnasium/spaces/box.py:231: UserWarning: [33mWARN: Box low's precision lowered by casting to float32, current low.dtype=float64[0m
  gym.logger.warn(
/usr/local/lib/python3.11/dist-packages/gymnasium/spaces/box.py:297: UserWarning: [33mWARN: Box high's precision lowered by casting to float32, current high.dtype=float64[0m
  gym.logger.warn(
/usr/local/lib/python3.11/dist-packages/gymnasium/spaces/box.py:231: UserWarning: [33mWARN: Box low's precision lowered by casting to float32, current low.dtype=float64[0m
  gym.logger.warn(
/usr/local/lib/python3.11/dist-packages/gymnasium/spaces/box.py:297: UserWarning: [33mWARN: Box high's precision lowered by casting to float32, current high.dtype=float64[0m
  gym.logger.warn(
/usr/local/lib/python3.11/dist-packages/gymnasium/spaces/box.py:231: UserWarning: [33mWARN: Box low's precision lowered by casting to float32, current low.dtype=float64[0m
  gym.logger.warn(
/usr/local/lib/python3.11/dist-packages/gymnasium/spaces/box.py:297: UserWarning: [33mWARN: Box high's precision lowered by casting to float32, current high.dtype=float64[0m
  gym.logger.warn(
/usr/local/lib/python3.11/dist-packages/gymnasium/spaces/box.py:231: UserWarning: [33mWARN: Box low's precision lowered by casting to float32, current low.dtype=float64[0m
  gym.logger.warn(
/usr/local/lib/python3.11/dist-packages/gymnasium/spaces/box.py:297: UserWarning: [33mWARN: Box high's precision lowered by casting to float32, current high.dtype=float64[0m
  gym.logger.warn(
/usr/local/lib/python3.11/dist-packages/gymnasium/spaces/box.py:231: UserWarning: [33mWARN: Box low's precision lowered by casting to float32, current low.dtype=float64[0m
  gym.logger.warn(
/usr/local/lib/python3.11/dist-packages/gymnasium/spaces/box.py:297: UserWarning: [33mWARN: Box high's precision lowered by casting to float32, current high.dtype=float64[0m
  gym.logger.warn(
/usr/local/lib/python3.11/dist-packages/gymnasium/spaces/box.py:231: UserWarning: [33mWARN: Box low's precision lowered by casting to float32, current low.dtype=float64[0m
  gym.logger.warn(
/usr/local/lib/python3.11/dist-packages/gymnasium/spaces/box.py:297: UserWarning: [33mWARN: Box high's precision lowered by casting to float32, current high.dtype=float64[0m
  gym.logger.warn(
/usr/local/lib/python3.11/dist-packages/gymnasium/spaces/box.py:231: UserWarning: [33mWARN: Box low's precision lowered by casting to float32, current low.dtype=float64[0m
  gym.logger.warn(
/usr/local/lib/python3.11/dist-packages/gymnasium/spaces/box.py:297: UserWarning: [33mWARN: Box high's precision lowered by casting to float32, current high.dtype=float64[0m
  gym.logger.warn(
/usr/local/lib/python3.11/dist-packages/gymnasium/spaces/box.py:231: UserWarning: [33mWARN: Box low's precision lowered by casting to float32, current low.dtype=float64[0m
  gym.logger.warn(
/usr/local/lib/python3.11/dist-packages/gymnasium/spaces/box.py:297: UserWarning: [33mWARN: Box high's precision lowered by casting to float32, current high.dtype=float64[0m
  gym.logger.warn(
/usr/local/lib/python3.11/dist-packages/gymnasium/spaces/box.py:231: UserWarning: [33mWARN: Box low's precision lowered by casting to float32, current low.dtype=float64[0m
  gym.logger.warn(
/usr/local/lib/python3.11/dist-packages/gymnasium/spaces/box.py:297: UserWarning: [33mWARN: Box high's precision lowered by casting to float32, current high.dtype=float64[0m
  gym.logger.warn(
/usr/local/lib/python3.11/dist-packages/gymnasium/spaces/box.py:231: UserWarning: [33mWARN: Box low's precision lowered by casting to float32, current low.dtype=float64[0m
  gym.logger.warn(
/usr/local/lib/python3.11/dist-packages/gymnasium/spaces/box.py:297: UserWarning: [33mWARN: Box high's precision lowered by casting to float32, current high.dtype=float64[0m
  gym.logger.warn(
/usr/local/lib/python3.11/dist-packages/gymnasium/spaces/box.py:231: UserWarning: [33mWARN: Box low's precision lowered by casting to float32, current low.dtype=float64[0m
  gym.logger.warn(
/usr/local/lib/python3.11/dist-packages/gymnasium/spaces/box.py:297: UserWarning: [33mWARN: Box high's precision lowered by casting to float32, current high.dtype=float64[0m
  gym.logger.warn(
/usr/local/lib/python3.11/dist-packages/gymnasium/spaces/box.py:231: UserWarning: [33mWARN: Box low's precision lowered by casting to float32, current low.dtype=float64[0m
  gym.logger.warn(
/usr/local/lib/python3.11/dist-packages/gymnasium/spaces/box.py:297: UserWarning: [33mWARN: Box high's precision lowered by casting to float32, current high.dtype=float64[0m
  gym.logger.warn(
/usr/local/lib/python3.11/dist-packages/gymnasium/spaces/box.py:231: UserWarning: [33mWARN: Box low's precision lowered by casting to float32, current low.dtype=float64[0m
  gym.logger.warn(
/usr/local/lib/python3.11/dist-packages/gymnasium/spaces/box.py:297: UserWarning: [33mWARN: Box high's precision lowered by casting to float32, current high.dtype=float64[0m
  gym.logger.warn(
/usr/local/lib/python3.11/dist-packages/gymnasium/spaces/box.py:231: UserWarning: [33mWARN: Box low's precision lowered by casting to float32, current low.dtype=float64[0m
  gym.logger.warn(
/usr/local/lib/python3.11/dist-packages/gymnasium/spaces/box.py:297: UserWarning: [33mWARN: Box high's precision lowered by casting to float32, current high.dtype=float64[0m
  gym.logger.warn(
/usr/local/lib/python3.11/dist-packages/gymnasium/spaces/box.py:231: UserWarning: [33mWARN: Box low's precision lowered by casting to float32, current low.dtype=float64[0m
  gym.logger.warn(
/usr/local/lib/python3.11/dist-packages/gymnasium/spaces/box.py:297: UserWarning: [33mWARN: Box high's precision lowered by casting to float32, current high.dtype=float64[0m
  gym.logger.warn(
/usr/local/lib/python3.11/dist-packages/gymnasium/spaces/box.py:231: UserWarning: [33mWARN: Box low's precision lowered by casting to float32, current low.dtype=float64[0m
  gym.logger.warn(
/usr/local/lib/python3.11/dist-packages/gymnasium/spaces/box.py:297: UserWarning: [33mWARN: Box high's precision lowered by casting to float32, current high.dtype=float64[0m
  gym.logger.warn(
/usr/local/lib/python3.11/dist-packages/gymnasium/spaces/box.py:231: UserWarning: [33mWARN: Box low's precision lowered by casting to float32, current low.dtype=float64[0m
  gym.logger.warn(
/usr/local/lib/python3.11/dist-packages/gymnasium/spaces/box.py:297: UserWarning: [33mWARN: Box high's precision lowered by casting to float32, current high.dtype=float64[0m
  gym.logger.warn(
/usr/local/lib/python3.11/dist-packages/gymnasium/spaces/box.py:231: UserWarning: [33mWARN: Box low's precision lowered by casting to float32, current low.dtype=float64[0m
  gym.logger.warn(
/usr/local/lib/python3.11/dist-packages/gymnasium/spaces/box.py:297: UserWarning: [33mWARN: Box high's precision lowered by casting to float32, current high.dtype=float64[0m
  gym.logger.warn(
/usr/local/lib/python3.11/dist-packages/gymnasium/spaces/box.py:231: UserWarning: [33mWARN: Box low's precision lowered by casting to float32, current low.dtype=float64[0m
  gym.logger.warn(
/usr/local/lib/python3.11/dist-packages/gymnasium/spaces/box.py:297: UserWarning: [33mWARN: Box high's precision lowered by casting to float32, current high.dtype=float64[0m
  gym.logger.warn(
/usr/local/lib/python3.11/dist-packages/gymnasium/spaces/box.py:231: UserWarning: [33mWARN: Box low's precision lowered by casting to float32, current low.dtype=float64[0m
  gym.logger.warn(
/usr/local/lib/python3.11/dist-packages/gymnasium/spaces/box.py:297: UserWarning: [33mWARN: Box high's precision lowered by casting to float32, current high.dtype=float64[0m
  gym.logger.warn(
/usr/local/lib/python3.11/dist-packages/gymnasium/spaces/box.py:231: UserWarning: [33mWARN: Box low's precision lowered by casting to float32, current low.dtype=float64[0m
  gym.logger.warn(
/usr/local/lib/python3.11/dist-packages/gymnasium/spaces/box.py:297: UserWarning: [33mWARN: Box high's precision lowered by casting to float32, current high.dtype=float64[0m
  gym.logger.warn(
/usr/local/lib/python3.11/dist-packages/gymnasium/spaces/box.py:231: UserWarning: [33mWARN: Box low's precision lowered by casting to float32, current low.dtype=float64[0m
  gym.logger.warn(
/usr/local/lib/python3.11/dist-packages/gymnasium/spaces/box.py:297: UserWarning: [33mWARN: Box high's precision lowered by casting to float32, current high.dtype=float64[0m
  gym.logger.warn(
/usr/local/lib/python3.11/dist-packages/gymnasium/spaces/box.py:231: UserWarning: [33mWARN: Box low's precision lowered by casting to float32, current low.dtype=float64[0m
  gym.logger.warn(
/usr/local/lib/python3.11/dist-packages/gymnasium/spaces/box.py:297: UserWarning: [33mWARN: Box high's precision lowered by casting to float32, current high.dtype=float64[0m
  gym.logger.warn(
/usr/local/lib/python3.11/dist-packages/gymnasium/spaces/box.py:231: UserWarning: [33mWARN: Box low's precision lowered by casting to float32, current low.dtype=float64[0m
  gym.logger.warn(
/usr/local/lib/python3.11/dist-packages/gymnasium/spaces/box.py:297: UserWarning: [33mWARN: Box high's precision lowered by casting to float32, current high.dtype=float64[0m
  gym.logger.warn(
/usr/local/lib/python3.11/dist-packages/gymnasium/spaces/box.py:231: UserWarning: [33mWARN: Box low's precision lowered by casting to float32, current low.dtype=float64[0m
  gym.logger.warn(
/usr/local/lib/python3.11/dist-packages/gymnasium/spaces/box.py:297: UserWarning: [33mWARN: Box high's precision lowered by casting to float32, current high.dtype=float64[0m
  gym.logger.warn(
/usr/local/lib/python3.11/dist-packages/gymnasium/spaces/box.py:231: UserWarning: [33mWARN: Box low's precision lowered by casting to float32, current low.dtype=float64[0m
  gym.logger.warn(
/usr/local/lib/python3.11/dist-packages/gymnasium/spaces/box.py:297: UserWarning: [33mWARN: Box high's precision lowered by casting to float32, current high.dtype=float64[0m
  gym.logger.warn(
/usr/local/lib/python3.11/dist-packages/gymnasium/spaces/box.py:231: UserWarning: [33mWARN: Box low's precision lowered by casting to float32, current low.dtype=float64[0m
  gym.logger.warn(
/usr/local/lib/python3.11/dist-packages/gymnasium/spaces/box.py:297: UserWarning: [33mWARN: Box high's precision lowered by casting to float32, current high.dtype=float64[0m
  gym.logger.warn(
/usr/local/lib/python3.11/dist-packages/gymnasium/spaces/box.py:231: UserWarning: [33mWARN: Box low's precision lowered by casting to float32, current low.dtype=float64[0m
  gym.logger.warn(
/usr/local/lib/python3.11/dist-packages/gymnasium/spaces/box.py:297: UserWarning: [33mWARN: Box high's precision lowered by casting to float32, current high.dtype=float64[0m
  gym.logger.warn(
/usr/local/lib/python3.11/dist-packages/gymnasium/spaces/box.py:231: UserWarning: [33mWARN: Box low's precision lowered by casting to float32, current low.dtype=float64[0m
  gym.logger.warn(
/usr/local/lib/python3.11/dist-packages/gymnasium/spaces/box.py:297: UserWarning: [33mWARN: Box high's precision lowered by casting to float32, current high.dtype=float64[0m
  gym.logger.warn(
/usr/local/lib/python3.11/dist-packages/gymnasium/spaces/box.py:231: UserWarning: [33mWARN: Box low's precision lowered by casting to float32, current low.dtype=float64[0m
  gym.logger.warn(
/usr/local/lib/python3.11/dist-packages/gymnasium/spaces/box.py:297: UserWarning: [33mWARN: Box high's precision lowered by casting to float32, current high.dtype=float64[0m
  gym.logger.warn(
/usr/local/lib/python3.11/dist-packages/gymnasium/spaces/box.py:231: UserWarning: [33mWARN: Box low's precision lowered by casting to float32, current low.dtype=float64[0m
  gym.logger.warn(
/usr/local/lib/python3.11/dist-packages/gymnasium/spaces/box.py:297: UserWarning: [33mWARN: Box high's precision lowered by casting to float32, current high.dtype=float64[0m
  gym.logger.warn(
/usr/local/lib/python3.11/dist-packages/gymnasium/spaces/box.py:231: UserWarning: [33mWARN: Box low's precision lowered by casting to float32, current low.dtype=float64[0m
  gym.logger.warn(
/usr/local/lib/python3.11/dist-packages/gymnasium/spaces/box.py:297: UserWarning: [33mWARN: Box high's precision lowered by casting to float32, current high.dtype=float64[0m
  gym.logger.warn(
/usr/local/lib/python3.11/dist-packages/gymnasium/spaces/box.py:231: UserWarning: [33mWARN: Box low's precision lowered by casting to float32, current low.dtype=float64[0m
  gym.logger.warn(
/usr/local/lib/python3.11/dist-packages/gymnasium/spaces/box.py:297: UserWarning: [33mWARN: Box high's precision lowered by casting to float32, current high.dtype=float64[0m
  gym.logger.warn(
/usr/local/lib/python3.11/dist-packages/gymnasium/spaces/box.py:231: UserWarning: [33mWARN: Box low's precision lowered by casting to float32, current low.dtype=float64[0m
  gym.logger.warn(
/usr/local/lib/python3.11/dist-packages/gymnasium/spaces/box.py:297: UserWarning: [33mWARN: Box high's precision lowered by casting to float32, current high.dtype=float64[0m
  gym.logger.warn(
/usr/local/lib/python3.11/dist-packages/gymnasium/spaces/box.py:231: UserWarning: [33mWARN: Box low's precision lowered by casting to float32, current low.dtype=float64[0m
  gym.logger.warn(
/usr/local/lib/python3.11/dist-packages/gymnasium/spaces/box.py:297: UserWarning: [33mWARN: Box high's precision lowered by casting to float32, current high.dtype=float64[0m
  gym.logger.warn(
/usr/local/lib/python3.11/dist-packages/gymnasium/spaces/box.py:231: UserWarning: [33mWARN: Box low's precision lowered by casting to float32, current low.dtype=float64[0m
  gym.logger.warn(
/usr/local/lib/python3.11/dist-packages/gymnasium/spaces/box.py:297: UserWarning: [33mWARN: Box high's precision lowered by casting to float32, current high.dtype=float64[0m
  gym.logger.warn(
/usr/local/lib/python3.11/dist-packages/gymnasium/spaces/box.py:231: UserWarning: [33mWARN: Box low's precision lowered by casting to float32, current low.dtype=float64[0m
  gym.logger.warn(
/usr/local/lib/python3.11/dist-packages/gymnasium/spaces/box.py:297: UserWarning: [33mWARN: Box high's precision lowered by casting to float32, current high.dtype=float64[0m
  gym.logger.warn(
/usr/local/lib/python3.11/dist-packages/gymnasium/spaces/box.py:231: UserWarning: [33mWARN: Box low's precision lowered by casting to float32, current low.dtype=float64[0m
  gym.logger.warn(
/usr/local/lib/python3.11/dist-packages/gymnasium/spaces/box.py:297: UserWarning: [33mWARN: Box high's precision lowered by casting to float32, current high.dtype=float64[0m
  gym.logger.warn(
/usr/local/lib/python3.11/dist-packages/gymnasium/spaces/box.py:231: UserWarning: [33mWARN: Box low's precision lowered by casting to float32, current low.dtype=float64[0m
  gym.logger.warn(
/usr/local/lib/python3.11/dist-packages/gymnasium/spaces/box.py:297: UserWarning: [33mWARN: Box high's precision lowered by casting to float32, current high.dtype=float64[0m
  gym.logger.warn(
/usr/local/lib/python3.11/dist-packages/gymnasium/spaces/box.py:231: UserWarning: [33mWARN: Box low's precision lowered by casting to float32, current low.dtype=float64[0m
  gym.logger.warn(
/usr/local/lib/python3.11/dist-packages/gymnasium/spaces/box.py:297: UserWarning: [33mWARN: Box high's precision lowered by casting to float32, current high.dtype=float64[0m
  gym.logger.warn(
/usr/local/lib/python3.11/dist-packages/gymnasium/spaces/box.py:231: UserWarning: [33mWARN: Box low's precision lowered by casting to float32, current low.dtype=float64[0m
  gym.logger.warn(
/usr/local/lib/python3.11/dist-packages/gymnasium/spaces/box.py:297: UserWarning: [33mWARN: Box high's precision lowered by casting to float32, current high.dtype=float64[0m
  gym.logger.warn(
/usr/local/lib/python3.11/dist-packages/gymnasium/spaces/box.py:231: UserWarning: [33mWARN: Box low's precision lowered by casting to float32, current low.dtype=float64[0m
  gym.logger.warn(
/usr/local/lib/python3.11/dist-packages/gymnasium/spaces/box.py:297: UserWarning: [33mWARN: Box high's precision lowered by casting to float32, current high.dtype=float64[0m
  gym.logger.warn(
/usr/local/lib/python3.11/dist-packages/gymnasium/spaces/box.py:231: UserWarning: [33mWARN: Box low's precision lowered by casting to float32, current low.dtype=float64[0m
  gym.logger.warn(
/usr/local/lib/python3.11/dist-packages/gymnasium/spaces/box.py:297: UserWarning: [33mWARN: Box high's precision lowered by casting to float32, current high.dtype=float64[0m
  gym.logger.warn(
/usr/local/lib/python3.11/dist-packages/gymnasium/spaces/box.py:231: UserWarning: [33mWARN: Box low's precision lowered by casting to float32, current low.dtype=float64[0m
  gym.logger.warn(
/usr/local/lib/python3.11/dist-packages/gymnasium/spaces/box.py:297: UserWarning: [33mWARN: Box high's precision lowered by casting to float32, current high.dtype=float64[0m
  gym.logger.warn(
/usr/local/lib/python3.11/dist-packages/gymnasium/spaces/box.py:231: UserWarning: [33mWARN: Box low's precision lowered by casting to float32, current low.dtype=float64[0m
  gym.logger.warn(
/usr/local/lib/python3.11/dist-packages/gymnasium/spaces/box.py:297: UserWarning: [33mWARN: Box high's precision lowered by casting to float32, current high.dtype=float64[0m
  gym.logger.warn(
/usr/local/lib/python3.11/dist-packages/gymnasium/spaces/box.py:231: UserWarning: [33mWARN: Box low's precision lowered by casting to float32, current low.dtype=float64[0m
  gym.logger.warn(
/usr/local/lib/python3.11/dist-packages/gymnasium/spaces/box.py:297: UserWarning: [33mWARN: Box high's precision lowered by casting to float32, current high.dtype=float64[0m
  gym.logger.warn(
/usr/local/lib/python3.11/dist-packages/gymnasium/spaces/box.py:231: UserWarning: [33mWARN: Box low's precision lowered by casting to float32, current low.dtype=float64[0m
  gym.logger.warn(
/usr/local/lib/python3.11/dist-packages/gymnasium/spaces/box.py:297: UserWarning: [33mWARN: Box high's precision lowered by casting to float32, current high.dtype=float64[0m
  gym.logger.warn(
/usr/local/lib/python3.11/dist-packages/gymnasium/spaces/box.py:231: UserWarning: [33mWARN: Box low's precision lowered by casting to float32, current low.dtype=float64[0m
  gym.logger.warn(
/usr/local/lib/python3.11/dist-packages/gymnasium/spaces/box.py:297: UserWarning: [33mWARN: Box high's precision lowered by casting to float32, current high.dtype=float64[0m
  gym.logger.warn(
/usr/local/lib/python3.11/dist-packages/gymnasium/spaces/box.py:231: UserWarning: [33mWARN: Box low's precision lowered by casting to float32, current low.dtype=float64[0m
  gym.logger.warn(
/usr/local/lib/python3.11/dist-packages/gymnasium/spaces/box.py:297: UserWarning: [33mWARN: Box high's precision lowered by casting to float32, current high.dtype=float64[0m
  gym.logger.warn(
/usr/local/lib/python3.11/dist-packages/gymnasium/spaces/box.py:231: UserWarning: [33mWARN: Box low's precision lowered by casting to float32, current low.dtype=float64[0m
  gym.logger.warn(
/usr/local/lib/python3.11/dist-packages/gymnasium/spaces/box.py:297: UserWarning: [33mWARN: Box high's precision lowered by casting to float32, current high.dtype=float64[0m
  gym.logger.warn(
/usr/local/lib/python3.11/dist-packages/gymnasium/spaces/box.py:231: UserWarning: [33mWARN: Box low's precision lowered by casting to float32, current low.dtype=float64[0m
  gym.logger.warn(
/usr/local/lib/python3.11/dist-packages/gymnasium/spaces/box.py:297: UserWarning: [33mWARN: Box high's precision lowered by casting to float32, current high.dtype=float64[0m
  gym.logger.warn(
/usr/local/lib/python3.11/dist-packages/gymnasium/spaces/box.py:231: UserWarning: [33mWARN: Box low's precision lowered by casting to float32, current low.dtype=float64[0m
  gym.logger.warn(
/usr/local/lib/python3.11/dist-packages/gymnasium/spaces/box.py:297: UserWarning: [33mWARN: Box high's precision lowered by casting to float32, current high.dtype=float64[0m
  gym.logger.warn(
/usr/local/lib/python3.11/dist-packages/gymnasium/spaces/box.py:231: UserWarning: [33mWARN: Box low's precision lowered by casting to float32, current low.dtype=float64[0m
  gym.logger.warn(
/usr/local/lib/python3.11/dist-packages/gymnasium/spaces/box.py:297: UserWarning: [33mWARN: Box high's precision lowered by casting to float32, current high.dtype=float64[0m
  gym.logger.warn(
/usr/local/lib/python3.11/dist-packages/gymnasium/spaces/box.py:231: UserWarning: [33mWARN: Box low's precision lowered by casting to float32, current low.dtype=float64[0m
  gym.logger.warn(
/usr/local/lib/python3.11/dist-packages/gymnasium/spaces/box.py:297: UserWarning: [33mWARN: Box high's precision lowered by casting to float32, current high.dtype=float64[0m
  gym.logger.warn(
/usr/local/lib/python3.11/dist-packages/gymnasium/spaces/box.py:231: UserWarning: [33mWARN: Box low's precision lowered by casting to float32, current low.dtype=float64[0m
  gym.logger.warn(
/usr/local/lib/python3.11/dist-packages/gymnasium/spaces/box.py:297: UserWarning: [33mWARN: Box high's precision lowered by casting to float32, current high.dtype=float64[0m
  gym.logger.warn(
/usr/local/lib/python3.11/dist-packages/gymnasium/spaces/box.py:231: UserWarning: [33mWARN: Box low's precision lowered by casting to float32, current low.dtype=float64[0m
  gym.logger.warn(
/usr/local/lib/python3.11/dist-packages/gymnasium/spaces/box.py:297: UserWarning: [33mWARN: Box high's precision lowered by casting to float32, current high.dtype=float64[0m
  gym.logger.warn(
/usr/local/lib/python3.11/dist-packages/gymnasium/spaces/box.py:231: UserWarning: [33mWARN: Box low's precision lowered by casting to float32, current low.dtype=float64[0m
  gym.logger.warn(
/usr/local/lib/python3.11/dist-packages/gymnasium/spaces/box.py:297: UserWarning: [33mWARN: Box high's precision lowered by casting to float32, current high.dtype=float64[0m
  gym.logger.warn(
/usr/local/lib/python3.11/dist-packages/gymnasium/spaces/box.py:231: UserWarning: [33mWARN: Box low's precision lowered by casting to float32, current low.dtype=float64[0m
  gym.logger.warn(
/usr/local/lib/python3.11/dist-packages/gymnasium/spaces/box.py:297: UserWarning: [33mWARN: Box high's precision lowered by casting to float32, current high.dtype=float64[0m
  gym.logger.warn(
/usr/local/lib/python3.11/dist-packages/gymnasium/spaces/box.py:231: UserWarning: [33mWARN: Box low's precision lowered by casting to float32, current low.dtype=float64[0m
  gym.logger.warn(
/usr/local/lib/python3.11/dist-packages/gymnasium/spaces/box.py:297: UserWarning: [33mWARN: Box high's precision lowered by casting to float32, current high.dtype=float64[0m
  gym.logger.warn(
/usr/local/lib/python3.11/dist-packages/gymnasium/spaces/box.py:231: UserWarning: [33mWARN: Box low's precision lowered by casting to float32, current low.dtype=float64[0m
  gym.logger.warn(
/usr/local/lib/python3.11/dist-packages/gymnasium/spaces/box.py:297: UserWarning: [33mWARN: Box high's precision lowered by casting to float32, current high.dtype=float64[0m
  gym.logger.warn(
/usr/local/lib/python3.11/dist-packages/gymnasium/spaces/box.py:231: UserWarning: [33mWARN: Box low's precision lowered by casting to float32, current low.dtype=float64[0m
  gym.logger.warn(
/usr/local/lib/python3.11/dist-packages/gymnasium/spaces/box.py:297: UserWarning: [33mWARN: Box high's precision lowered by casting to float32, current high.dtype=float64[0m
  gym.logger.warn(
/usr/local/lib/python3.11/dist-packages/gymnasium/spaces/box.py:231: UserWarning: [33mWARN: Box low's precision lowered by casting to float32, current low.dtype=float64[0m
  gym.logger.warn(
/usr/local/lib/python3.11/dist-packages/gymnasium/spaces/box.py:297: UserWarning: [33mWARN: Box high's precision lowered by casting to float32, current high.dtype=float64[0m
  gym.logger.warn(
/usr/local/lib/python3.11/dist-packages/gymnasium/spaces/box.py:231: UserWarning: [33mWARN: Box low's precision lowered by casting to float32, current low.dtype=float64[0m
  gym.logger.warn(
/usr/local/lib/python3.11/dist-packages/gymnasium/spaces/box.py:297: UserWarning: [33mWARN: Box high's precision lowered by casting to float32, current high.dtype=float64[0m
  gym.logger.warn(
/usr/local/lib/python3.11/dist-packages/gymnasium/spaces/box.py:231: UserWarning: [33mWARN: Box low's precision lowered by casting to float32, current low.dtype=float64[0m
  gym.logger.warn(
/usr/local/lib/python3.11/dist-packages/gymnasium/spaces/box.py:297: UserWarning: [33mWARN: Box high's precision lowered by casting to float32, current high.dtype=float64[0m
  gym.logger.warn(
/usr/local/lib/python3.11/dist-packages/gymnasium/spaces/box.py:231: UserWarning: [33mWARN: Box low's precision lowered by casting to float32, current low.dtype=float64[0m
  gym.logger.warn(
/usr/local/lib/python3.11/dist-packages/gymnasium/spaces/box.py:297: UserWarning: [33mWARN: Box high's precision lowered by casting to float32, current high.dtype=float64[0m
  gym.logger.warn(
/usr/local/lib/python3.11/dist-packages/gymnasium/spaces/box.py:231: UserWarning: [33mWARN: Box low's precision lowered by casting to float32, current low.dtype=float64[0m
  gym.logger.warn(
/usr/local/lib/python3.11/dist-packages/gymnasium/spaces/box.py:297: UserWarning: [33mWARN: Box high's precision lowered by casting to float32, current high.dtype=float64[0m
  gym.logger.warn(
/usr/local/lib/python3.11/dist-packages/gymnasium/spaces/box.py:231: UserWarning: [33mWARN: Box low's precision lowered by casting to float32, current low.dtype=float64[0m
  gym.logger.warn(
/usr/local/lib/python3.11/dist-packages/gymnasium/spaces/box.py:297: UserWarning: [33mWARN: Box high's precision lowered by casting to float32, current high.dtype=float64[0m
  gym.logger.warn(
/usr/local/lib/python3.11/dist-packages/gymnasium/spaces/box.py:231: UserWarning: [33mWARN: Box low's precision lowered by casting to float32, current low.dtype=float64[0m
  gym.logger.warn(
/usr/local/lib/python3.11/dist-packages/gymnasium/spaces/box.py:297: UserWarning: [33mWARN: Box high's precision lowered by casting to float32, current high.dtype=float64[0m
  gym.logger.warn(
/usr/local/lib/python3.11/dist-packages/gymnasium/spaces/box.py:231: UserWarning: [33mWARN: Box low's precision lowered by casting to float32, current low.dtype=float64[0m
  gym.logger.warn(
/usr/local/lib/python3.11/dist-packages/gymnasium/spaces/box.py:297: UserWarning: [33mWARN: Box high's precision lowered by casting to float32, current high.dtype=float64[0m
  gym.logger.warn(
/usr/local/lib/python3.11/dist-packages/gymnasium/spaces/box.py:231: UserWarning: [33mWARN: Box low's precision lowered by casting to float32, current low.dtype=float64[0m
  gym.logger.warn(
/usr/local/lib/python3.11/dist-packages/gymnasium/spaces/box.py:297: UserWarning: [33mWARN: Box high's precision lowered by casting to float32, current high.dtype=float64[0m
  gym.logger.warn(
/usr/local/lib/python3.11/dist-packages/gymnasium/spaces/box.py:231: UserWarning: [33mWARN: Box low's precision lowered by casting to float32, current low.dtype=float64[0m
  gym.logger.warn(
/usr/local/lib/python3.11/dist-packages/gymnasium/spaces/box.py:297: UserWarning: [33mWARN: Box high's precision lowered by casting to float32, current high.dtype=float64[0m
  gym.logger.warn(
/usr/local/lib/python3.11/dist-packages/gymnasium/spaces/box.py:231: UserWarning: [33mWARN: Box low's precision lowered by casting to float32, current low.dtype=float64[0m
  gym.logger.warn(
/usr/local/lib/python3.11/dist-packages/gymnasium/spaces/box.py:297: UserWarning: [33mWARN: Box high's precision lowered by casting to float32, current high.dtype=float64[0m
  gym.logger.warn(
/usr/local/lib/python3.11/dist-packages/gymnasium/spaces/box.py:231: UserWarning: [33mWARN: Box low's precision lowered by casting to float32, current low.dtype=float64[0m
  gym.logger.warn(
/usr/local/lib/python3.11/dist-packages/gymnasium/spaces/box.py:297: UserWarning: [33mWARN: Box high's precision lowered by casting to float32, current high.dtype=float64[0m
  gym.logger.warn(
/usr/local/lib/python3.11/dist-packages/gymnasium/spaces/box.py:231: UserWarning: [33mWARN: Box low's precision lowered by casting to float32, current low.dtype=float64[0m
  gym.logger.warn(
/usr/local/lib/python3.11/dist-packages/gymnasium/spaces/box.py:297: UserWarning: [33mWARN: Box high's precision lowered by casting to float32, current high.dtype=float64[0m
  gym.logger.warn(
/usr/local/lib/python3.11/dist-packages/gymnasium/spaces/box.py:231: UserWarning: [33mWARN: Box low's precision lowered by casting to float32, current low.dtype=float64[0m
  gym.logger.warn(
/usr/local/lib/python3.11/dist-packages/gymnasium/spaces/box.py:297: UserWarning: [33mWARN: Box high's precision lowered by casting to float32, current high.dtype=float64[0m
  gym.logger.warn(
/usr/local/lib/python3.11/dist-packages/gymnasium/spaces/box.py:231: UserWarning: [33mWARN: Box low's precision lowered by casting to float32, current low.dtype=float64[0m
  gym.logger.warn(
/usr/local/lib/python3.11/dist-packages/gymnasium/spaces/box.py:297: UserWarning: [33mWARN: Box high's precision lowered by casting to float32, current high.dtype=float64[0m
  gym.logger.warn(
/usr/local/lib/python3.11/dist-packages/gymnasium/spaces/box.py:231: UserWarning: [33mWARN: Box low's precision lowered by casting to float32, current low.dtype=float64[0m
  gym.logger.warn(
/usr/local/lib/python3.11/dist-packages/gymnasium/spaces/box.py:297: UserWarning: [33mWARN: Box high's precision lowered by casting to float32, current high.dtype=float64[0m
  gym.logger.warn(
/usr/local/lib/python3.11/dist-packages/gymnasium/spaces/box.py:231: UserWarning: [33mWARN: Box low's precision lowered by casting to float32, current low.dtype=float64[0m
  gym.logger.warn(
/usr/local/lib/python3.11/dist-packages/gymnasium/spaces/box.py:297: UserWarning: [33mWARN: Box high's precision lowered by casting to float32, current high.dtype=float64[0m
  gym.logger.warn(
/usr/local/lib/python3.11/dist-packages/gymnasium/spaces/box.py:231: UserWarning: [33mWARN: Box low's precision lowered by casting to float32, current low.dtype=float64[0m
  gym.logger.warn(
/usr/local/lib/python3.11/dist-packages/gymnasium/spaces/box.py:297: UserWarning: [33mWARN: Box high's precision lowered by casting to float32, current high.dtype=float64[0m
  gym.logger.warn(
/usr/local/lib/python3.11/dist-packages/gymnasium/spaces/box.py:231: UserWarning: [33mWARN: Box low's precision lowered by casting to float32, current low.dtype=float64[0m
  gym.logger.warn(
/usr/local/lib/python3.11/dist-packages/gymnasium/spaces/box.py:297: UserWarning: [33mWARN: Box high's precision lowered by casting to float32, current high.dtype=float64[0m
  gym.logger.warn(
/usr/local/lib/python3.11/dist-packages/gymnasium/spaces/box.py:231: UserWarning: [33mWARN: Box low's precision lowered by casting to float32, current low.dtype=float64[0m
  gym.logger.warn(
/usr/local/lib/python3.11/dist-packages/gymnasium/spaces/box.py:297: UserWarning: [33mWARN: Box high's precision lowered by casting to float32, current high.dtype=float64[0m
  gym.logger.warn(
/usr/local/lib/python3.11/dist-packages/gymnasium/spaces/box.py:231: UserWarning: [33mWARN: Box low's precision lowered by casting to float32, current low.dtype=float64[0m
  gym.logger.warn(
/usr/local/lib/python3.11/dist-packages/gymnasium/spaces/box.py:297: UserWarning: [33mWARN: Box high's precision lowered by casting to float32, current high.dtype=float64[0m
  gym.logger.warn(
/usr/local/lib/python3.11/dist-packages/gymnasium/spaces/box.py:231: UserWarning: [33mWARN: Box low's precision lowered by casting to float32, current low.dtype=float64[0m
  gym.logger.warn(
/usr/local/lib/python3.11/dist-packages/gymnasium/spaces/box.py:297: UserWarning: [33mWARN: Box high's precision lowered by casting to float32, current high.dtype=float64[0m
  gym.logger.warn(
/usr/local/lib/python3.11/dist-packages/gymnasium/spaces/box.py:231: UserWarning: [33mWARN: Box low's precision lowered by casting to float32, current low.dtype=float64[0m
  gym.logger.warn(
/usr/local/lib/python3.11/dist-packages/gymnasium/spaces/box.py:297: UserWarning: [33mWARN: Box high's precision lowered by casting to float32, current high.dtype=float64[0m
  gym.logger.warn(
/usr/local/lib/python3.11/dist-packages/gymnasium/spaces/box.py:231: UserWarning: [33mWARN: Box low's precision lowered by casting to float32, current low.dtype=float64[0m
  gym.logger.warn(
/usr/local/lib/python3.11/dist-packages/gymnasium/spaces/box.py:297: UserWarning: [33mWARN: Box high's precision lowered by casting to float32, current high.dtype=float64[0m
  gym.logger.warn(
/usr/local/lib/python3.11/dist-packages/gymnasium/spaces/box.py:231: UserWarning: [33mWARN: Box low's precision lowered by casting to float32, current low.dtype=float64[0m
  gym.logger.warn(
/usr/local/lib/python3.11/dist-packages/gymnasium/spaces/box.py:297: UserWarning: [33mWARN: Box high's precision lowered by casting to float32, current high.dtype=float64[0m
  gym.logger.warn(
/usr/local/lib/python3.11/dist-packages/gymnasium/spaces/box.py:231: UserWarning: [33mWARN: Box low's precision lowered by casting to float32, current low.dtype=float64[0m
  gym.logger.warn(
/usr/local/lib/python3.11/dist-packages/gymnasium/spaces/box.py:297: UserWarning: [33mWARN: Box high's precision lowered by casting to float32, current high.dtype=float64[0m
  gym.logger.warn(
/usr/local/lib/python3.11/dist-packages/gymnasium/spaces/box.py:231: UserWarning: [33mWARN: Box low's precision lowered by casting to float32, current low.dtype=float64[0m
  gym.logger.warn(
/usr/local/lib/python3.11/dist-packages/gymnasium/spaces/box.py:297: UserWarning: [33mWARN: Box high's precision lowered by casting to float32, current high.dtype=float64[0m
  gym.logger.warn(
/usr/local/lib/python3.11/dist-packages/gymnasium/spaces/box.py:231: UserWarning: [33mWARN: Box low's precision lowered by casting to float32, current low.dtype=float64[0m
  gym.logger.warn(
/usr/local/lib/python3.11/dist-packages/gymnasium/spaces/box.py:297: UserWarning: [33mWARN: Box high's precision lowered by casting to float32, current high.dtype=float64[0m
  gym.logger.warn(
/usr/local/lib/python3.11/dist-packages/gymnasium/spaces/box.py:231: UserWarning: [33mWARN: Box low's precision lowered by casting to float32, current low.dtype=float64[0m
  gym.logger.warn(
/usr/local/lib/python3.11/dist-packages/gymnasium/spaces/box.py:297: UserWarning: [33mWARN: Box high's precision lowered by casting to float32, current high.dtype=float64[0m
  gym.logger.warn(
/usr/local/lib/python3.11/dist-packages/gymnasium/spaces/box.py:231: UserWarning: [33mWARN: Box low's precision lowered by casting to float32, current low.dtype=float64[0m
  gym.logger.warn(
/usr/local/lib/python3.11/dist-packages/gymnasium/spaces/box.py:297: UserWarning: [33mWARN: Box high's precision lowered by casting to float32, current high.dtype=float64[0m
  gym.logger.warn(
/usr/local/lib/python3.11/dist-packages/gymnasium/spaces/box.py:231: UserWarning: [33mWARN: Box low's precision lowered by casting to float32, current low.dtype=float64[0m
  gym.logger.warn(
/usr/local/lib/python3.11/dist-packages/gymnasium/spaces/box.py:297: UserWarning: [33mWARN: Box high's precision lowered by casting to float32, current high.dtype=float64[0m
  gym.logger.warn(
/usr/local/lib/python3.11/dist-packages/gymnasium/spaces/box.py:231: UserWarning: [33mWARN: Box low's precision lowered by casting to float32, current low.dtype=float64[0m
  gym.logger.warn(
/usr/local/lib/python3.11/dist-packages/gymnasium/spaces/box.py:297: UserWarning: [33mWARN: Box high's precision lowered by casting to float32, current high.dtype=float64[0m
  gym.logger.warn(
/usr/local/lib/python3.11/dist-packages/gymnasium/spaces/box.py:231: UserWarning: [33mWARN: Box low's precision lowered by casting to float32, current low.dtype=float64[0m
  gym.logger.warn(
/usr/local/lib/python3.11/dist-packages/gymnasium/spaces/box.py:297: UserWarning: [33mWARN: Box high's precision lowered by casting to float32, current high.dtype=float64[0m
  gym.logger.warn(
/usr/local/lib/python3.11/dist-packages/gymnasium/spaces/box.py:231: UserWarning: [33mWARN: Box low's precision lowered by casting to float32, current low.dtype=float64[0m
  gym.logger.warn(
/usr/local/lib/python3.11/dist-packages/gymnasium/spaces/box.py:297: UserWarning: [33mWARN: Box high's precision lowered by casting to float32, current high.dtype=float64[0m
  gym.logger.warn(
/usr/local/lib/python3.11/dist-packages/gymnasium/spaces/box.py:231: UserWarning: [33mWARN: Box low's precision lowered by casting to float32, current low.dtype=float64[0m
  gym.logger.warn(
/usr/local/lib/python3.11/dist-packages/gymnasium/spaces/box.py:297: UserWarning: [33mWARN: Box high's precision lowered by casting to float32, current high.dtype=float64[0m
  gym.logger.warn(
/usr/local/lib/python3.11/dist-packages/gymnasium/spaces/box.py:231: UserWarning: [33mWARN: Box low's precision lowered by casting to float32, current low.dtype=float64[0m
  gym.logger.warn(
/usr/local/lib/python3.11/dist-packages/gymnasium/spaces/box.py:297: UserWarning: [33mWARN: Box high's precision lowered by casting to float32, current high.dtype=float64[0m
  gym.logger.warn(
/usr/local/lib/python3.11/dist-packages/lance/__init__.py:322: UserWarning: lance is not fork-safe. If you are using multiprocessing, use spawn or forkserver instead.
  warnings.warn(
/usr/lib/python3.11/subprocess.py:1885: RuntimeWarning: lancedb fork support is experimental: the internal async runtime has been reset in the forked child, but a small chance of deadlock remains if other state was mid-operation at fork time. The 'forkserver' or 'spawn' multiprocessing start method is likely a safer alternative.
  self.pid = _fork_exec(
/usr/lib/python3.11/subprocess.py:1885: RuntimeWarning: lancedb fork support is experimental: the internal async runtime has been reset in the forked child, but a small chance of deadlock remains if other state was mid-operation at fork time. The 'forkserver' or 'spawn' multiprocessing start method is likely a safer alternative.
  self.pid = _fork_exec(
/usr/lib/python3.11/subprocess.py:1885: RuntimeWarning: lancedb fork support is experimental: the internal async runtime has been reset in the forked child, but a small chance of deadlock remains if other state was mid-operation at fork time. The 'forkserver' or 'spawn' multiprocessing start method is likely a safer alternative.
  self.pid = _fork_exec(
/usr/lib/python3.11/subprocess.py:1885: RuntimeWarning: lancedb fork support is experimental: the internal async runtime has been reset in the forked child, but a small chance of deadlock remains if other state was mid-operation at fork time. The 'forkserver' or 'spawn' multiprocessing start method is likely a safer alternative.
  self.pid = _fork_exec(
/usr/lib/python3.11/subprocess.py:1885: RuntimeWarning: lancedb fork support is experimental: the internal async runtime has been reset in the forked child, but a small chance of deadlock remains if other state was mid-operation at fork time. The 'forkserver' or 'spawn' multiprocessing start method is likely a safer alternative.
  self.pid = _fork_exec(
/usr/lib/python3.11/subprocess.py:1885: RuntimeWarning: lancedb fork support is experimental: the internal async runtime has been reset in the forked child, but a small chance of deadlock remains if other state was mid-operation at fork time. The 'forkserver' or 'spawn' multiprocessing start method is likely a safer alternative.
  self.pid = _fork_exec(
/usr/lib/python3.11/subprocess.py:1885: RuntimeWarning: lancedb fork support is experimental: the internal async runtime has been reset in the forked child, but a small chance of deadlock remains if other state was mid-operation at fork time. The 'forkserver' or 'spawn' multiprocessing start method is likely a safer alternative.
  self.pid = _fork_exec(
/usr/lib/python3.11/subprocess.py:1885: RuntimeWarning: lancedb fork support is experimental: the internal async runtime has been reset in the forked child, but a small chance of deadlock remains if other state was mid-operation at fork time. The 'forkserver' or 'spawn' multiprocessing start method is likely a safer alternative.
  self.pid = _fork_exec(
/usr/lib/python3.11/subprocess.py:1885: RuntimeWarning: lancedb fork support is experimental: the internal async runtime has been reset in the forked child, but a small chance of deadlock remains if other state was mid-operation at fork time. The 'forkserver' or 'spawn' multiprocessing start method is likely a safer alternative.
  self.pid = _fork_exec(
/usr/lib/python3.11/subprocess.py:1885: RuntimeWarning: lancedb fork support is experimental: the internal async runtime has been reset in the forked child, but a small chance of deadlock remains if other state was mid-operation at fork time. The 'forkserver' or 'spawn' multiprocessing start method is likely a safer alternative.
  self.pid = _fork_exec(
/usr/lib/python3.11/subprocess.py:1885: RuntimeWarning: lancedb fork support is experimental: the internal async runtime has been reset in the forked child, but a small chance of deadlock remains if other state was mid-operation at fork time. The 'forkserver' or 'spawn' multiprocessing start method is likely a safer alternative.
  self.pid = _fork_exec(
/usr/lib/python3.11/subprocess.py:1885: RuntimeWarning: lancedb fork support is experimental: the internal async runtime has been reset in the forked child, but a small chance of deadlock remains if other state was mid-operation at fork time. The 'forkserver' or 'spawn' multiprocessing start method is likely a safer alternative.
  self.pid = _fork_exec(
/usr/lib/python3.11/subprocess.py:1885: RuntimeWarning: lancedb fork support is experimental: the internal async runtime has been reset in the forked child, but a small chance of deadlock remains if other state was mid-operation at fork time. The 'forkserver' or 'spawn' multiprocessing start method is likely a safer alternative.
  self.pid = _fork_exec(
/usr/lib/python3.11/subprocess.py:1885: RuntimeWarning: lancedb fork support is experimental: the internal async runtime has been reset in the forked child, but a small chance of deadlock remains if other state was mid-operation at fork time. The 'forkserver' or 'spawn' multiprocessing start method is likely a safer alternative.
  self.pid = _fork_exec(
/usr/lib/python3.11/subprocess.py:1885: RuntimeWarning: lancedb fork support is experimental: the internal async runtime has been reset in the forked child, but a small chance of deadlock remains if other state was mid-operation at fork time. The 'forkserver' or 'spawn' multiprocessing start method is likely a safer alternative.
  self.pid = _fork_exec(
/usr/lib/python3.11/subprocess.py:1885: RuntimeWarning: lancedb fork support is experimental: the internal async runtime has been reset in the forked child, but a small chance of deadlock remains if other state was mid-operation at fork time. The 'forkserver' or 'spawn' multiprocessing start method is likely a safer alternative.
  self.pid = _fork_exec(
/usr/lib/python3.11/subprocess.py:1885: RuntimeWarning: lancedb fork support is experimental: the internal async runtime has been reset in the forked child, but a small chance of deadlock remains if other state was mid-operation at fork time. The 'forkserver' or 'spawn' multiprocessing start method is likely a safer alternative.
  self.pid = _fork_exec(
/usr/lib/python3.11/subprocess.py:1885: RuntimeWarning: lancedb fork support is experimental: the internal async runtime has been reset in the forked child, but a small chance of deadlock remains if other state was mid-operation at fork time. The 'forkserver' or 'spawn' multiprocessing start method is likely a safer alternative.
  self.pid = _fork_exec(
/usr/lib/python3.11/subprocess.py:1885: RuntimeWarning: lancedb fork support is experimental: the internal async runtime has been reset in the forked child, but a small chance of deadlock remains if other state was mid-operation at fork time. The 'forkserver' or 'spawn' multiprocessing start method is likely a safer alternative.
  self.pid = _fork_exec(
/usr/lib/python3.11/subprocess.py:1885: RuntimeWarning: lancedb fork support is experimental: the internal async runtime has been reset in the forked child, but a small chance of deadlock remains if other state was mid-operation at fork time. The 'forkserver' or 'spawn' multiprocessing start method is likely a safer alternative.
  self.pid = _fork_exec(
/usr/lib/python3.11/subprocess.py:1885: RuntimeWarning: lancedb fork support is experimental: the internal async runtime has been reset in the forked child, but a small chance of deadlock remains if other state was mid-operation at fork time. The 'forkserver' or 'spawn' multiprocessing start method is likely a safer alternative.
  self.pid = _fork_exec(
/usr/lib/python3.11/subprocess.py:1885: RuntimeWarning: lancedb fork support is experimental: the internal async runtime has been reset in the forked child, but a small chance of deadlock remains if other state was mid-operation at fork time. The 'forkserver' or 'spawn' multiprocessing start method is likely a safer alternative.
  self.pid = _fork_exec(
/usr/lib/python3.11/subprocess.py:1885: RuntimeWarning: lancedb fork support is experimental: the internal async runtime has been reset in the forked child, but a small chance of deadlock remains if other state was mid-operation at fork time. The 'forkserver' or 'spawn' multiprocessing start method is likely a safer alternative.
  self.pid = _fork_exec(
/usr/lib/python3.11/subprocess.py:1885: RuntimeWarning: lancedb fork support is experimental: the internal async runtime has been reset in the forked child, but a small chance of deadlock remains if other state was mid-operation at fork time. The 'forkserver' or 'spawn' multiprocessing start method is likely a safer alternative.
  self.pid = _fork_exec(
/usr/lib/python3.11/subprocess.py:1885: RuntimeWarning: lancedb fork support is experimental: the internal async runtime has been reset in the forked child, but a small chance of deadlock remains if other state was mid-operation at fork time. The 'forkserver' or 'spawn' multiprocessing start method is likely a safer alternative.
  self.pid = _fork_exec(
/usr/lib/python3.11/subprocess.py:1885: RuntimeWarning: lancedb fork support is experimental: the internal async runtime has been reset in the forked child, but a small chance of deadlock remains if other state was mid-operation at fork time. The 'forkserver' or 'spawn' multiprocessing start method is likely a safer alternative.
  self.pid = _fork_exec(
/usr/lib/python3.11/subprocess.py:1885: RuntimeWarning: lancedb fork support is experimental: the internal async runtime has been reset in the forked child, but a small chance of deadlock remains if other state was mid-operation at fork time. The 'forkserver' or 'spawn' multiprocessing start method is likely a safer alternative.
  self.pid = _fork_exec(
/usr/lib/python3.11/subprocess.py:1885: RuntimeWarning: lancedb fork support is experimental: the internal async runtime has been reset in the forked child, but a small chance of deadlock remains if other state was mid-operation at fork time. The 'forkserver' or 'spawn' multiprocessing start method is likely a safer alternative.
  self.pid = _fork_exec(
/usr/lib/python3.11/subprocess.py:1885: RuntimeWarning: lancedb fork support is experimental: the internal async runtime has been reset in the forked child, but a small chance of deadlock remains if other state was mid-operation at fork time. The 'forkserver' or 'spawn' multiprocessing start method is likely a safer alternative.
  self.pid = _fork_exec(
/usr/lib/python3.11/subprocess.py:1885: RuntimeWarning: lancedb fork support is experimental: the internal async runtime has been reset in the forked child, but a small chance of deadlock remains if other state was mid-operation at fork time. The 'forkserver' or 'spawn' multiprocessing start method is likely a safer alternative.
  self.pid = _fork_exec(
/usr/lib/python3.11/subprocess.py:1885: RuntimeWarning: lancedb fork support is experimental: the internal async runtime has been reset in the forked child, but a small chance of deadlock remains if other state was mid-operation at fork time. The 'forkserver' or 'spawn' multiprocessing start method is likely a safer alternative.
  self.pid = _fork_exec(
/usr/lib/python3.11/subprocess.py:1885: RuntimeWarning: lancedb fork support is experimental: the internal async runtime has been reset in the forked child, but a small chance of deadlock remains if other state was mid-operation at fork time. The 'forkserver' or 'spawn' multiprocessing start method is likely a safer alternative.
  self.pid = _fork_exec(
/usr/lib/python3.11/subprocess.py:1885: RuntimeWarning: lancedb fork support is experimental: the internal async runtime has been reset in the forked child, but a small chance of deadlock remains if other state was mid-operation at fork time. The 'forkserver' or 'spawn' multiprocessing start method is likely a safer alternative.
  self.pid = _fork_exec(
/usr/lib/python3.11/subprocess.py:1885: RuntimeWarning: lancedb fork support is experimental: the internal async runtime has been reset in the forked child, but a small chance of deadlock remains if other state was mid-operation at fork time. The 'forkserver' or 'spawn' multiprocessing start method is likely a safer alternative.
  self.pid = _fork_exec(
/usr/lib/python3.11/subprocess.py:1885: RuntimeWarning: lancedb fork support is experimental: the internal async runtime has been reset in the forked child, but a small chance of deadlock remains if other state was mid-operation at fork time. The 'forkserver' or 'spawn' multiprocessing start method is likely a safer alternative.
  self.pid = _fork_exec(
/usr/lib/python3.11/subprocess.py:1885: RuntimeWarning: lancedb fork support is experimental: the internal async runtime has been reset in the forked child, but a small chance of deadlock remains if other state was mid-operation at fork time. The 'forkserver' or 'spawn' multiprocessing start method is likely a safer alternative.
  self.pid = _fork_exec(
/usr/lib/python3.11/subprocess.py:1885: RuntimeWarning: lancedb fork support is experimental: the internal async runtime has been reset in the forked child, but a small chance of deadlock remains if other state was mid-operation at fork time. The 'forkserver' or 'spawn' multiprocessing start method is likely a safer alternative.
  self.pid = _fork_exec(
/usr/lib/python3.11/subprocess.py:1885: RuntimeWarning: lancedb fork support is experimental: the internal async runtime has been reset in the forked child, but a small chance of deadlock remains if other state was mid-operation at fork time. The 'forkserver' or 'spawn' multiprocessing start method is likely a safer alternative.
  self.pid = _fork_exec(
/usr/lib/python3.11/subprocess.py:1885: RuntimeWarning: lancedb fork support is experimental: the internal async runtime has been reset in the forked child, but a small chance of deadlock remains if other state was mid-operation at fork time. The 'forkserver' or 'spawn' multiprocessing start method is likely a safer alternative.
  self.pid = _fork_exec(
/usr/lib/python3.11/subprocess.py:1885: RuntimeWarning: lancedb fork support is experimental: the internal async runtime has been reset in the forked child, but a small chance of deadlock remains if other state was mid-operation at fork time. The 'forkserver' or 'spawn' multiprocessing start method is likely a safer alternative.
  self.pid = _fork_exec(
/usr/lib/python3.11/subprocess.py:1885: RuntimeWarning: lancedb fork support is experimental: the internal async runtime has been reset in the forked child, but a small chance of deadlock remains if other state was mid-operation at fork time. The 'forkserver' or 'spawn' multiprocessing start method is likely a safer alternative.
  self.pid = _fork_exec(
/usr/lib/python3.11/subprocess.py:1885: RuntimeWarning: lancedb fork support is experimental: the internal async runtime has been reset in the forked child, but a small chance of deadlock remains if other state was mid-operation at fork time. The 'forkserver' or 'spawn' multiprocessing start method is likely a safer alternative.
  self.pid = _fork_exec(
/usr/lib/python3.11/subprocess.py:1885: RuntimeWarning: lancedb fork support is experimental: the internal async runtime has been reset in the forked child, but a small chance of deadlock remains if other state was mid-operation at fork time. The 'forkserver' or 'spawn' multiprocessing start method is likely a safer alternative.
  self.pid = _fork_exec(
/usr/lib/python3.11/subprocess.py:1885: RuntimeWarning: lancedb fork support is experimental: the internal async runtime has been reset in the forked child, but a small chance of deadlock remains if other state was mid-operation at fork time. The 'forkserver' or 'spawn' multiprocessing start method is likely a safer alternative.
  self.pid = _fork_exec(
/usr/lib/python3.11/subprocess.py:1885: RuntimeWarning: lancedb fork support is experimental: the internal async runtime has been reset in the forked child, but a small chance of deadlock remains if other state was mid-operation at fork time. The 'forkserver' or 'spawn' multiprocessing start method is likely a safer alternative.
  self.pid = _fork_exec(
/usr/lib/python3.11/subprocess.py:1885: RuntimeWarning: lancedb fork support is experimental: the internal async runtime has been reset in the forked child, but a small chance of deadlock remains if other state was mid-operation at fork time. The 'forkserver' or 'spawn' multiprocessing start method is likely a safer alternative.
  self.pid = _fork_exec(
/usr/lib/python3.11/subprocess.py:1885: RuntimeWarning: lancedb fork support is experimental: the internal async runtime has been reset in the forked child, but a small chance of deadlock remains if other state was mid-operation at fork time. The 'forkserver' or 'spawn' multiprocessing start method is likely a safer alternative.
  self.pid = _fork_exec(
/usr/lib/python3.11/subprocess.py:1885: RuntimeWarning: lancedb fork support is experimental: the internal async runtime has been reset in the forked child, but a small chance of deadlock remains if other state was mid-operation at fork time. The 'forkserver' or 'spawn' multiprocessing start method is likely a safer alternative.
  self.pid = _fork_exec(
/usr/lib/python3.11/subprocess.py:1885: RuntimeWarning: lancedb fork support is experimental: the internal async runtime has been reset in the forked child, but a small chance of deadlock remains if other state was mid-operation at fork time. The 'forkserver' or 'spawn' multiprocessing start method is likely a safer alternative.
  self.pid = _fork_exec(
/usr/lib/python3.11/subprocess.py:1885: RuntimeWarning: lancedb fork support is experimental: the internal async runtime has been reset in the forked child, but a small chance of deadlock remains if other state was mid-operation at fork time. The 'forkserver' or 'spawn' multiprocessing start method is likely a safer alternative.
  self.pid = _fork_exec(
10000 valid starting points found for evaluation.
[  35376   38994  175071  176880  202206  217482  245019  324816  326424
  363006  395769  408834  516168  676767  749931  804603  806010  811839
  824502  825306  885405 1051431 1070325 1091028 1097460 1175850 1186302
 1235346 1311525 1332228 1333635 1357554 1390719 1435140 1469310 1489008
 1599960 1638351 1698048 1713123 1716339 1807794 1858446 1883772 1913721
 1939650 1944876 1979649 1989900 1991709]
[eval] saving videos to /workspace/ckpts (one env_{i}.mp4 per env)
CEM solve time: 17.3581 seconds
CEM solve time: 29.4569 seconds
CEM solve time: 31.3902 seconds
CEM solve time: 31.0185 seconds
CEM solve time: 31.2998 seconds
CEM solve time: 29.8346 seconds
CEM solve time: 29.0352 seconds
CEM solve time: 30.5270 seconds
CEM solve time: 28.9729 seconds
CEM solve time: 30.4982 seconds
CEM solve time: 28.7863 seconds
CEM solve time: 29.5981 seconds
CEM solve time: 30.0233 seconds
CEM solve time: 30.8692 seconds
CEM solve time: 26.8275 seconds
CEM solve time: 29.2096 seconds
{'success_rate': 6.0, 'episode_successes': array([False, False, False, False, False, False, False, False, False,
       False,  True, False, False, False, False, False, False, False,
       False, False, False, False, False, False, False, False,  True,
        True, False, False, False, False, False, False, False, False,
       False, False, False, False, False, False, False, False, False,
       False, False, False, False, False]), 'seeds': None}
[eval] videos saved to /workspace/ckpts
